"ano","h3_res","h3_address","n_muni","n_uf","ufs","munis","firmas_reais","firmas_inflado_estimado","fator_inflacao"
2013,2,"828037fffffffff",12,5,"CE/PB/PE/PI/RN","2208007,2208106,2302404,2304202,2305506,2305605,2312700,2412500,2502409,2504405,2601102,2613503",15137,181644,12
2013,2,"8281affffffffff",11,5,"AL/BA/PB/PE/SE","2512309,2515203,2603009,2606002,2613909,2706307,2706703,2803500,2805703,2924009,2932002",19413,213543,11
2013,2,"82a827fffffffff",11,3,"PR/RS/SC","4102901,4110706,4117602,4120606,4203006,4204806,4209003,4214805,4215000,4301800,4314464",43225,475475,11
2013,2,"82a887fffffffff",11,3,"ES/MG/RJ","3101508,3105608,3106200,3113404,3168408,3201209,3202702,3205069,3301108,3301405,3302205",95321,1048531,11
2013,2,"82818ffffffffff",10,4,"CE/PB/PE/RN","2306009,2402006,2408003,2411205,2503704,2504009,2506301,2510808,2613602,2614105",31924,319240,10
2013,2,"82a81ffffffffff",10,2,"MG/SP","3117306,3152907,3503208,3504503,3508108,3511102,3525300,3529005,3543907,3551702",163993,1639930,10
2013,2,"82a8affffffffff",10,2,"MG/SP","3103603,3106705,3122306,3132404,3144607,3159704,3162500,3536307,3548609,3549102",86730,867300,10
2013,2,"82a8f7fffffffff",9,3,"GO/MG/SP","3103504,3119807,3129707,3148004,3170107,3520103,5203906,5205109,5206206",53878,484902,9
2013,2,"82a8e7fffffffff",8,4,"GO/MG/MS/SP","3134202,3134400,3515509,3516903,5006309,5200134,5211503,5218805",24796,198368,8
2013,2,"828117fffffffff",7,2,"BA/SE","2803005,2807402,2910701,2910800,2927408,2929008,2933505",80182,561274,7
2013,2,"82811ffffffffff",7,3,"BA/PE/PI","2203453,2208650,2600203,2918407,2921203,2921500,2921708",10372,72604,7
2013,2,"82a80ffffffffff",7,3,"MS/PR/SP","3535507,3541406,3556305,4109203,4115200,5002001,5008305",60480,423360,7
2013,2,"82a88ffffffffff",7,1,"MG","3103009,3106200,3121605,3128006,3133808,3136306,3151206",110155,771085,7
2013,2,"82a89ffffffffff",7,3,"BA/ES/MG","2916005,3100500,3127701,3151909,3168606,3201001,3203908",27932,195524,7
2013,2,"82a8a7fffffffff",7,3,"MG/RJ/SP","3133105,3136702,3300308,3300704,3303906,3304557,3527207",236349,1654443,7
2013,2,"82a8c7fffffffff",7,2,"DF/GO","5205406,5208707,5213806,5215702,5219712,5219753,5300108",109877,769139,7
2013,2,"82a90ffffffffff",7,2,"RS/SC","4213104,4301701,4311205,4311403,4313409,4313904,4322509",113325,793275,7
2013,2,"828007fffffffff",6,3,"CE/MA/PI","2102101,2103000,2207702,2211001,2304103,2305803",23826,142956,6
2013,2,"828027fffffffff",6,2,"MA/PI","2111102,2200509,2202752,2203909,2210003,2210805",3846,23076,6
2013,2,"828187fffffffff",6,3,"AL/PB/PE","2501302,2507507,2604106,2607901,2704302,2706604",106388,638328,6
2013,2,"82a807fffffffff",6,2,"PR/SP","3522406,3523503,3557204,4106407,4106902,4119905",76340,458040,6
2013,2,"82a817fffffffff",6,2,"MG/SP","3146008,3509502,3512308,3522307,3537602,3554102",594804,3568824,6
2013,2,"82a8effffffffff",6,3,"GO/MS/MT","5003256,5101803,5104203,5210208,5211909,5212204",6751,40506,6
2013,2,"82a91ffffffffff",6,2,"RS/SC","4205407,4209300,4218004,4218707,4318622,4321501",58409,350454,6
2013,2,"828017fffffffff",5,2,"CE/RN","2301109,2304400,2308609,2312908,2401453",62754,313770,5
2013,2,"82802ffffffffff",5,1,"MA","2103307,2104800,2108207,2109106,2112902",5745,28725,5
2013,2,"828107fffffffff",5,1,"BA","2905206,2910107,2914604,2919306,2933455",6757,33785,5
2013,2,"82810ffffffffff",5,2,"BA/PI","2201903,2203750,2902708,2905909,2928406",1506,7530,5
2013,2,"82812ffffffffff",5,4,"BA/GO/MG/TO","1720903,2910776,2928109,3142700,5219803",6026,30130,5
2013,2,"828137fffffffff",5,2,"BA/MG","2905800,2913606,2918001,3106655,3148707",25754,128770,5
2013,2,"828157fffffffff",5,3,"MA/PI/TO","1707702,2101806,2102804,2209203,2211209",2199,10995,5
2013,2,"82815ffffffffff",5,3,"MA/PA/TO","1502939,1504208,1508407,1702109,2105302",13514,67570,5
2013,2,"82a82ffffffffff",5,2,"MS/PR","4103503,4108320,4109401,4127700,5005681",58288,291440,5
2013,2,"82a837fffffffff",5,3,"PR/SC/SP","3520301,4106902,4205407,4209102,4213203",126221,631105,5
2013,2,"82a8d7fffffffff",5,3,"DF/GO/MG","3147006,3161106,5208004,5210109,5300108",17936,89680,5
2013,2,"828067fffffffff",4,1,"PA","1500859,1501808,1502103,1508100",2336,9344,4
2013,2,"82806ffffffffff",4,2,"AP/PA","1500503,1505809,1600154,1600303",5139,20556,4
2013,2,"828127fffffffff",4,2,"BA/MG","2907103,2908705,3134004,3143302",17181,68724,4
2013,2,"828167fffffffff",4,3,"GO/MT/TO","1706100,1708205,5107859,5220207",2704,10816,4
2013,2,"828baffffffffff",4,2,"MT/RO","1100304,5103304,5105150,5107875",3454,13816,4
2013,2,"828bb7fffffffff",4,1,"MT","5102678,5106224,5106281,5107008",3545,14180,4
2013,2,"82a85ffffffffff",4,2,"MS/MT","5003207,5006408,5106505,5107602",8433,33732,4
2013,2,"82a877fffffffff",4,2,"MS/PR","4120200,5002704,5004106,5006606",25989,103956,4
2013,2,"82a897fffffffff",4,1,"ES","3201506,3202801,3203205,3205309",47044,188176,4
2013,2,"82a8cffffffffff",4,2,"GO/MT","5102702,5202502,5213707,5220207",2480,9920,4
2013,2,"82a92ffffffffff",4,1,"RS","4303004,4303509,4306908,4314407",18968,75872,4
2013,2,"82a957fffffffff",4,3,"PR/RS/SC","4128609,4212007,4305801,4317202",37909,151636,4
2013,2,"82a977fffffffff",4,1,"RS","4300406,4306106,4316907,4317509",20784,83136,4
2013,2,"828047fffffffff",3,1,"PA","1501402,1502400,1507904",21963,65889,3
2013,2,"828077fffffffff",3,2,"MA/PA","1501709,1508001,2102002",3704,11112,3
2013,2,"828147fffffffff",3,2,"PA/TO","1502707,1705508,1713205",3613,10839,3
2013,2,"828177fffffffff",3,2,"BA/TO","1707009,1716109,2903201",6656,19968,3
2013,2,"8281a7fffffffff",3,2,"AL/SE","2702306,2800308,2802908",16284,48852,3
2013,2,"828a37fffffffff",3,2,"MT/RO","1100122,1100130,5107578",6420,19260,3
2013,2,"828aaffffffffff",3,1,"AM","1300805,1301902,1303304",141,423,3
2013,2,"828b4ffffffffff",3,2,"AC/AM","1200203,1200435,1301654",971,2913,3
2013,2,"82a8b7fffffffff",3,1,"RJ","3301009,3302403,3304607",10584,31752,3
2013,2,"82a8dffffffffff",3,2,"GO/TO","1702000,5205307,5218003",4053,12159,3
2013,2,"82800ffffffffff",2,1,"MA","2107357,2111300",16325,32650,2
2013,2,"82801ffffffffff",2,2,"CE/PI","2205706,2302602",765,1530,2
2013,2,"82804ffffffffff",2,1,"AP","1600105,1600303",208,416,2
2013,2,"828057fffffffff",2,2,"MA/PA","1500909,2102903",344,688,2
2013,2,"82814ffffffffff",2,1,"PA","1505536,1508407",2875,5750,2
2013,2,"82816ffffffffff",2,2,"MT/PA","1502764,5108600",231,462,2
2013,2,"82819ffffffffff",2,2,"PB/RN","2408102,2507309",19835,39670,2
2013,2,"828a07fffffffff",2,2,"AM/RO","1100205,1301704",6506,13012,2
2013,2,"828a1ffffffffff",2,1,"AM","1300631,1302702",61,122,2
2013,2,"828a27fffffffff",2,1,"RO","1100023,1101302",2857,5714,2
2013,2,"828a2ffffffffff",2,2,"AM/RO","1100205,1302405",273,546,2
2013,2,"828a8ffffffffff",2,2,"AM/PA","1303403,1503002",1041,2082,2
2013,2,"828a97fffffffff",2,1,"PA","1500602,1505650",1643,3286,2
2013,2,"828adffffffffff",2,1,"RR","1400100,1400209",3796,7592,2
2013,2,"828ae7fffffffff",2,1,"AM","1301209,1304203",402,804,2
2013,2,"828b17fffffffff",2,2,"MT/RO","1100031,5105507",819,1638,2
2013,2,"828b57fffffffff",2,2,"AC/RO","1100106,1200401",4639,9278,2
2013,2,"828b5ffffffffff",2,2,"AC/AM","1200500,1300706",299,598,2
2013,2,"828b87fffffffff",2,1,"MT","5107305,5107925",7567,15134,2
2013,2,"828b97fffffffff",2,1,"MT","5105580,5107065",733,1466,2
2013,2,"828b9ffffffffff",2,2,"MT/PA","1500602,5104104",2332,4664,2
2013,2,"828ba7fffffffff",2,1,"MT","5102504,5103403",18980,37960,2
2013,2,"828f6ffffffffff",2,2,"AC/AM","1200336,1301803",45,90,2
2013,2,"82a847fffffffff",2,1,"MS","5003207,5003488",2880,5760,2
2013,2,"82a857fffffffff",2,2,"GO/MS","5003306,5205471",5019,10038,2
2013,2,"82a907fffffffff",2,1,"RS","4303103,4318507",52866,105732,2
2013,2,"82a95ffffffffff",2,2,"MS/PR","4108304,5004304",6261,12522,2
2013,2,"82c2dffffffffff",2,1,"RS","4306601,4317103",2531,5062,2
2023,2,"828037fffffffff",12,5,"CE/PB/PE/PI/RN","2208007,2208106,2302404,2304202,2305506,2312700,2313302,2412500,2506608,2516805,2601102,2613503",17679,212148,12
2023,2,"8281affffffffff",11,5,"AL/BA/PB/PE/SE","2512309,2515203,2601607,2606002,2613909,2706307,2706703,2805505,2805703,2924009,2932002",21841,240251,11
2023,2,"82a827fffffffff",11,3,"PR/RS/SC","4110706,4114401,4120606,4128203,4200101,4203006,4204806,4213708,4215802,4314464,4320602",46408,510488,11
2023,2,"82a887fffffffff",11,3,"ES/MG/RJ","3105608,3106200,3113404,3143906,3168408,3201209,3202702,3205069,3301405,3302205,3303401",102362,1125982,11
2023,2,"82818ffffffffff",10,4,"CE/PB/PE/RN","2306009,2402006,2408003,2411205,2503704,2504009,2506301,2510808,2608008,2612802",36911,369110,10
2023,2,"82a81ffffffffff",10,2,"MG/SP","3127107,3164704,3503208,3504503,3506003,3508108,3526902,3529005,3549409,3549805",174286,1742860,10
2023,2,"82a8affffffffff",10,2,"MG/SP","3102803,3115508,3147709,3159704,3162500,3162922,3169307,3510807,3536307,3538501",94295,942950,10
2023,2,"82a8f7fffffffff",9,3,"GO/MG/SP","3129707,3148004,3168200,3170107,3170206,3537008,5204508,5205109,5206206",62297,560673,9
2023,2,"82a8e7fffffffff",8,4,"GO/MG/MS/SP","3134202,3134400,3516903,3524808,5006309,5200134,5211503,5218805",27430,219440,8
2023,2,"82a90ffffffffff",8,2,"RS/SC","4209300,4213104,4305108,4311205,4311304,4311403,4313904,4314902",117478,939824,8
2023,2,"828027fffffffff",7,2,"MA/PI","2107803,2111102,2200509,2202752,2203909,2210003,2210805",4765,33355,7
2023,2,"828117fffffffff",7,2,"BA/SE","2803005,2807402,2901007,2910800,2926608,2927408,2933505",88105,616735,7
2023,2,"82811ffffffffff",7,3,"BA/PE/PI","2203453,2208650,2600203,2918407,2921203,2921500,2921708",12923,90461,7
2023,2,"82a80ffffffffff",7,3,"MS/PR/SP","3502804,3535507,3541406,4115200,4119657,5001904,5006200",64977,454839,7
2023,2,"82a88ffffffffff",7,1,"MG","3103009,3107307,3119104,3121605,3123205,3156809,3168903",115882,811174,7
2023,2,"82a8a7fffffffff",7,3,"MG/RJ/SP","3136702,3147600,3300308,3300704,3303906,3304557,3527207",244024,1708168,7
2023,2,"82a8c7fffffffff",7,2,"DF/GO","5205406,5208707,5213806,5215702,5218805,5221858,5300108",136171,953197,7
2023,2,"828007fffffffff",6,3,"CE/MA/PI","2102101,2103000,2207702,2211001,2304103,2305803",31354,188124,6
2023,2,"828187fffffffff",6,3,"AL/PB/PE","2501302,2507507,2604106,2616407,2704302,2707602",124797,748782,6
2023,2,"82a807fffffffff",6,2,"PR/SP","3522406,3527504,3557204,4106902,4113700,4119905",83547,501282,6
2023,2,"82a817fffffffff",6,2,"MG/SP","3134905,3512308,3538709,3550308,3554003,3554102",660578,3963468,6
2023,2,"82a89ffffffffff",6,3,"BA/ES/MG","2923001,3127701,3151909,3168606,3201001,3203908",30394,182364,6
2023,2,"82a91ffffffffff",6,2,"RS/SC","4209300,4216602,4218004,4218707,4302303,4321667",71338,428028,6
2023,2,"828017fffffffff",5,2,"CE/RN","2301109,2304400,2308609,2312908,2401453",71891,359455,5
2023,2,"82802ffffffffff",5,1,"MA","2101608,2103307,2108207,2109106,2112902",6748,33740,5
2023,2,"828107fffffffff",5,1,"BA","2905206,2910107,2913200,2919306,2933455",7416,37080,5
2023,2,"82810ffffffffff",5,2,"BA/PI","2201903,2203750,2902708,2905909,2911105",2189,10945,5
2023,2,"82812ffffffffff",5,4,"BA/GO/MG/TO","1720903,2903201,2910776,3142700,5218300",9298,46490,5
2023,2,"828137fffffffff",5,2,"BA/MG","2905800,2913606,2918001,3106655,3148707",28456,142280,5
2023,2,"828157fffffffff",5,3,"MA/PI/TO","1707702,2101806,2102804,2209203,2211209",3193,15965,5
2023,2,"82815ffffffffff",5,3,"MA/PA/TO","1502939,1504208,1508407,1702109,2105302",18728,93640,5
2023,2,"82a82ffffffffff",5,2,"MS/PR","4104808,4105508,4109401,4114500,5005681",66805,334025,5
2023,2,"82a837fffffffff",5,3,"PR/SC/SP","3520301,4106902,4202404,4205407,4208906",148482,742410,5
2023,2,"82a8d7fffffffff",5,3,"DF/GO/MG","3147006,3161106,5208004,5210109,5300108",23486,117430,5
2023,2,"82a8effffffffff",5,2,"GO/MT","5101803,5104203,5211909,5212204,5217203",8536,42680,5
2023,2,"828067fffffffff",4,1,"PA","1500859,1501808,1502103,1508100",2762,11048,4
2023,2,"82806ffffffffff",4,2,"AP/PA","1500503,1505809,1600154,1600303",6756,27024,4
2023,2,"828077fffffffff",4,2,"MA/PA","1501709,1508001,2102002,2105427",5041,20164,4
2023,2,"828127fffffffff",4,2,"BA/MG","2908705,2911709,3134004,3143302",18875,75500,4
2023,2,"828167fffffffff",4,3,"GO/MT/TO","1706100,1709500,5107859,5220207",3844,15376,4
2023,2,"828baffffffffff",4,2,"MT/RO","1100304,5101902,5103304,5105150",4905,19620,4
2023,2,"828bb7fffffffff",4,1,"MT","5102678,5106224,5106281,5107008",5937,23748,4
2023,2,"82a85ffffffffff",4,2,"MS/MT","5003207,5003306,5103403,5107602",11790,47160,4
2023,2,"82a877fffffffff",4,2,"MS/PR","4125902,5002704,5004106,5006606",33873,135492,4
2023,2,"82a897fffffffff",4,1,"ES","3201506,3202603,3203205,3205309",53485,213940,4
2023,2,"82a8cffffffffff",4,2,"GO/MT","5102702,5203807,5213707,5220207",3261,13044,4
2023,2,"82a92ffffffffff",4,1,"RS","4303004,4306056,4306908,4314407",20356,81424,4
2023,2,"82a957fffffffff",4,3,"PR/RS/SC","4118501,4205605,4310504,4317202",41518,166072,4
2023,2,"82a977fffffffff",4,1,"RS","4300406,4316907,4317509,4322202",21321,85284,4
2023,2,"828047fffffffff",3,1,"PA","1500305,1501402,1502400",27401,82203,3
2023,2,"828147fffffffff",3,2,"PA/TO","1502707,1705508,1713205",4562,13686,3
2023,2,"828177fffffffff",3,2,"BA/TO","1707009,1716109,2903201",9477,28431,3
2023,2,"8281a7fffffffff",3,2,"AL/SE","2702306,2802106,2802908",19663,58989,3
2023,2,"828a37fffffffff",3,2,"MT/RO","1100114,1100122,5101407",8032,24096,3
2023,2,"828aaffffffffff",3,1,"AM","1300805,1301902,1303304",156,468,3
2023,2,"828b4ffffffffff",3,2,"AC/AM","1200203,1200435,1301654",1203,3609,3
2023,2,"828b9ffffffffff",3,2,"MT/PA","1500602,1505031,5104104",3476,10428,3
2023,2,"82a8dffffffffff",3,2,"GO/TO","1702000,5200605,5218003",4586,13758,3
2023,2,"82800ffffffffff",2,1,"MA","2107357,2111300",20756,41512,2
2023,2,"82801ffffffffff",2,2,"CE/PI","2202083,2302602",983,1966,2
2023,2,"82804ffffffffff",2,1,"AP","1600105,1600253",166,332,2
2023,2,"828057fffffffff",2,2,"MA/PA","1500909,2102903",465,930,2
2023,2,"82814ffffffffff",2,1,"PA","1505536,1508407",4526,9052,2
2023,2,"82816ffffffffff",2,2,"MT/PA","1506708,5108600",309,618,2
2023,2,"82819ffffffffff",2,2,"PB/RN","2408102,2507309",23056,46112,2
2023,2,"828a07fffffffff",2,2,"AM/RO","1100205,1301704",8214,16428,2
2023,2,"828a1ffffffffff",2,1,"AM","1301308,1302702",122,244,2
2023,2,"828a27fffffffff",2,1,"RO","1100023,1101302",3653,7306,2
2023,2,"828a2ffffffffff",2,2,"AM/RO","1100205,1302405",270,540,2
2023,2,"828a8ffffffffff",2,2,"AM/PA","1301902,1503002",1312,2624,2
2023,2,"828a97fffffffff",2,1,"PA","1500602,1505650",2063,4126,2
2023,2,"828adffffffffff",2,1,"RR","1400100,1400209",6142,12284,2
2023,2,"828ae7fffffffff",2,1,"AM","1301209,1304203",519,1038,2
2023,2,"828b17fffffffff",2,2,"MT/RO","1100031,5105507",1195,2390,2
2023,2,"828b57fffffffff",2,2,"AC/RO","1100106,1200401",6341,12682,2
2023,2,"828b5ffffffffff",2,2,"AC/AM","1200500,1300706",374,748,2
2023,2,"828b87fffffffff",2,1,"MT","5107305,5107925",13535,27070,2
2023,2,"828b97fffffffff",2,1,"MT","5103858,5105580",1193,2386,2
2023,2,"828ba7fffffffff",2,1,"MT","5102504,5103403",24490,48980,2
2023,2,"828f6ffffffffff",2,2,"AC/AM","1200336,1301803",71,142,2
2023,2,"82a847fffffffff",2,1,"MS","5003207,5003488",3501,7002,2
2023,2,"82a857fffffffff",2,2,"GO/MS","5003108,5201504",6760,13520,2
2023,2,"82a8b7fffffffff",2,1,"RJ","3301009,3302403",11520,23040,2
2023,2,"82a907fffffffff",2,1,"RS","4318507,4323002",49393,98786,2
2023,2,"82a95ffffffffff",2,2,"MS/PR","4108304,5004304",7321,14642,2
2023,2,"82c2dffffffffff",2,1,"RS","4306601,4317103",2982,5964,2
2013,3,"838032fffffffff",5,3,"CE/PB/RN","2305506,2306900,2314003,2412500,2516805",2797,13985,5
2013,3,"838036fffffffff",5,3,"CE/PB/PE","2304202,2502409,2504405,2612208,2613503",7502,37510,5
2013,3,"83818cfffffffff",5,3,"PB/PE/RN","2403400,2509701,2510808,2613602,2614105",3018,15090,5
2013,3,"8381a8fffffffff",5,4,"AL/BA/PE/SE","2607000,2611002,2702405,2801207,2924009",2437,12185,5
2013,3,"83a820fffffffff",5,2,"PR/SC","4128203,4200408,4203006,4207908,4215505",6191,30955,5
2013,3,"83a824fffffffff",5,2,"RS/SC","4203600,4204806,4217907,4301800,4314464",3353,16765,5
2013,3,"83a882fffffffff",5,2,"ES/MG","3101102,3151909,3202702,3203007,3205069",4473,22365,5
2013,3,"83a8a1fffffffff",5,3,"MG/RJ/SP","3107208,3133105,3300100,3304201,3527207",18867,94335,5
2013,3,"838001fffffffff",4,2,"MA/PI","2102101,2103406,2206100,2206209",900,3600,4
2013,3,"838006fffffffff",4,2,"CE/PI","2206357,2210409,2304103,2305902",868,3472,4
2013,3,"838030fffffffff",4,3,"CE/PE/PI","2204303,2302701,2311900,2605301",657,2628,4
2013,3,"838033fffffffff",4,1,"CE","2302404,2305605,2308500,2312700",899,3596,4
2013,3,"838100fffffffff",4,1,"BA","2904001,2904506,2919801,2926905",696,2784,4
2013,3,"838112fffffffff",4,2,"BA/SE","2803005,2807402,2910602,2923100",2424,9696,4
2013,3,"83811bfffffffff",4,3,"BA/PE/PI","2205565,2208650,2600203,2907202",459,1836,4
2013,3,"838181fffffffff",4,2,"PB/PE","2501302,2509909,2604106,2608909",15856,63424,4
2013,3,"838185fffffffff",4,2,"AL/PE","2604700,2616506,2704302,2706604",16817,67268,4
2013,3,"838188fffffffff",4,2,"PB/RN","2402006,2411403,2506202,2513406",3835,15340,4
2013,3,"83818dfffffffff",4,3,"PB/PE/RN","2400505,2503704,2512101,2612802",3188,12752,4
2013,3,"8381a9fffffffff",4,2,"BA/PE","2603009,2605707,2900207,2909901",579,2316,4
2013,3,"8381aefffffffff",4,2,"AL/SE","2706307,2706703,2804508,2805703",7021,28084,4
2013,3,"83a800fffffffff",4,2,"PR/SP","3523206,4112009,4126603,4128633",4701,18804,4
2013,3,"83a803fffffffff",4,2,"PR/SP","3511409,3527504,3557204,4103602",11270,45080,4
2013,3,"83a80dfffffffff",4,3,"MS/PR/SP","3544251,4107108,5001904,5002001",1861,7444,4
2013,3,"83a818fffffffff",4,1,"SP","3503208,3511102,3522000,3531308",23520,94080,4
2013,3,"83a81cfffffffff",4,1,"SP","3504503,3514304,3525300,3547007",23881,95524,4
2013,3,"83a81dfffffffff",4,1,"SP","3504404,3527108,3529005,3544806",11514,46056,4
2013,3,"83a81efffffffff",4,1,"SP","3507902,3542909,3543907,3547601",30569,122276,4
2013,3,"83a822fffffffff",4,2,"PR/SC","4106209,4125100,4215000,4215679",8153,32612,4
2013,3,"83a825fffffffff",4,3,"PR/RS/SC","4117602,4209003,4215406,4312005",11510,46040,4
2013,3,"83a82efffffffff",4,1,"PR","4109401,4114500,4122503,4128658",4559,18236,4
2013,3,"83a880fffffffff",4,3,"ES/MG/RJ","3113305,3171154,3202009,3303104",12915,51660,4
2013,3,"83a881fffffffff",4,1,"MG","3106200,3122702,3145901,3161007",24746,98984,4
2013,3,"83a883fffffffff",4,1,"MG","3113404,3125903,3164001,3168408",13681,54724,4
2013,3,"83a884fffffffff",4,2,"MG/RJ","3101508,3301108,3301405,3304805",14706,58824,4
2013,3,"83a88efffffffff",4,1,"MG","3103009,3117504,3128006,3167103",2008,8032,4
2013,3,"83a89cfffffffff",4,2,"ES/MG","3101102,3104700,3151909,3200904",3698,14792,4
2013,3,"83a89efffffffff",4,3,"BA/ES/MG","2922003,3144300,3201001,3203908",5185,20740,4
2013,3,"83a8a3fffffffff",4,2,"MG/RJ","3136702,3300308,3303500,3303906",42053,168212,4
2013,3,"83a8a9fffffffff",4,2,"MG/SP","3141306,3147907,3156908,3536307",6629,26516,4
2013,3,"83a8aafffffffff",4,1,"MG","3106705,3118304,3122306,3159902",15676,62704,4
2013,3,"83a8adfffffffff",4,2,"MG/SP","3145109,3151800,3510906,3549102",20350,81400,4
2013,3,"83a8aefffffffff",4,1,"MG","3103603,3138203,3141900,3162500",5164,20656,4
2013,3,"83a8c2fffffffff",4,2,"DF/GO","5200308,5219753,5222302,5300108",41907,167628,4
2013,3,"83a8e4fffffffff",4,3,"MG/MS/SP","3114550,3515509,3516903,5001003",7087,28348,4
2013,3,"83a8e8fffffffff",4,2,"GO/MT","5101209,5107198,5203104,5218102",249,996,4
2013,3,"83a8f0fffffffff",4,2,"GO/MG","3119302,3143104,3149804,5206602",3503,14012,4
2013,3,"83a8f3fffffffff",4,2,"GO/MG","3100104,3128600,5204805,5206206",548,2192,4
2013,3,"83a91bfffffffff",4,1,"SC","4202602,4205407,4214904,4218004",29618,118472,4
2013,3,"838015fffffffff",3,1,"CE","2302404,2308609,2312205",874,2622,3
2013,3,"838016fffffffff",3,2,"CE/RN","2301109,2302206,2401453",3023,9069,3
2013,3,"838022fffffffff",3,1,"PI","2201002,2207009,2211308",908,2724,3
2013,3,"838023fffffffff",3,2,"MA/PI","2111102,2200509,2203909",1456,4368,3
2013,3,"838028fffffffff",3,1,"MA","2101608,2105708,2112308",922,2766,3
2013,3,"83802afffffffff",3,1,"MA","2103307,2104503,2108207",1513,4539,3
2013,3,"838031fffffffff",3,2,"CE/PI","2208106,2208205,2310308",205,615,3
2013,3,"838035fffffffff",3,3,"CE/PE/PI","2208007,2311959,2601102",2174,6522,3
2013,3,"838046fffffffff",3,1,"PA","1502400,1507904,1508209",6778,20334,3
2013,3,"838101fffffffff",3,1,"BA","2913200,2923704,2933455",553,1659,3
2013,3,"838110fffffffff",3,1,"BA","2910800,2928604,2929008",15928,47784,3
2013,3,"838115fffffffff",3,1,"BA","2901007,2914703,2924900",1807,5421,3
2013,3,"83811efffffffff",3,1,"BA","2905503,2921500,2930105",1958,5874,3
2013,3,"838122fffffffff",3,2,"BA/MG","2908705,2919405,3142908",1258,3774,3
2013,3,"838129fffffffff",3,3,"BA/GO/TO","1720903,2928901,5213509",263,789,3
2013,3,"83812efffffffff",3,2,"BA/MG","2910776,2928109,3142700",885,2655,3
2013,3,"838132fffffffff",3,1,"BA","2905800,2913606,2932309",8185,24555,3
2013,3,"838134fffffffff",3,2,"BA/MG","2911808,2916807,3101706",1639,4917,3
2013,3,"838135fffffffff",3,2,"BA/MG","2906709,3106655,3148707",718,2154,3
2013,3,"838140fffffffff",3,2,"PA/TO","1502707,1701903,1708304",410,1230,3
2013,3,"838152fffffffff",3,2,"MA/PI","2101806,2111607,2211209",447,1341,3
2013,3,"838158fffffffff",3,3,"MA/PA/TO","1501576,1702208,2112852",671,2013,3
2013,3,"83815bfffffffff",3,2,"MA/PA","1502939,1506187,2105427",772,2316,3
2013,3,"838160fffffffff",3,2,"MT/TO","1708205,1711902,5107859",79,237,3
2013,3,"838176fffffffff",3,2,"BA/TO","1707009,1712702,2903201",266,798,3
2013,3,"838189fffffffff",3,3,"CE/PB/RN","2306009,2401008,2502003",1603,4809,3
2013,3,"83818afffffffff",3,1,"RN","2401651,2406700,2411205",4691,14073,3
2013,3,"83818bfffffffff",3,2,"CE/RN","2305357,2408003,2409704",6247,18741,3
2013,3,"83818efffffffff",3,2,"PB/RN","2412302,2504009,2506301",9342,28026,3
2013,3,"8381aafffffffff",3,3,"AL/PB/PE","2515203,2606002,2707206",4734,14202,3
2013,3,"8381abfffffffff",3,2,"PB/PE","2512309,2605103,2613909",2015,6045,3
2013,3,"83a80afffffffff",3,1,"SP","3527405,3536000,3556305",15132,45396,3
2013,3,"83a80bfffffffff",3,2,"MS/SP","3502101,3536406,5008305",4604,13812,3
2013,3,"83a80cfffffffff",3,2,"PR/SP","3554300,4109203,4115200",16816,50448,3
2013,3,"83a80efffffffff",3,2,"PR/SP","3535507,3542206,4120507",8570,25710,3
2013,3,"83a810fffffffff",3,1,"SP","3519709,3525904,3550308",417139,1251417,3
2013,3,"83a811fffffffff",3,1,"SP","3512308,3522307,3538709",71441,214323,3
2013,3,"83a812fffffffff",3,2,"MG/SP","3110509,3518305,3554102",37159,111477,3
2013,3,"83a819fffffffff",3,1,"SP","3508108,3533908,3549805",22394,67182,3
2013,3,"83a81afffffffff",3,2,"MG/SP","3152907,3530508,3551702",43756,131268,3
2013,3,"83a81bfffffffff",3,2,"MG/SP","3117306,3500907,3505500",8357,25071,3
2013,3,"83a821fffffffff",3,1,"PR","4102901,4104428,4105409",2284,6852,3
2013,3,"83a823fffffffff",3,1,"PR","4110706,4120606,4125605",3712,11136,3
2013,3,"83a829fffffffff",3,2,"MS/PR","4108320,4108809,5005681",6225,18675,3
2013,3,"83a82afffffffff",3,1,"PR","4103503,4115200,4117271",12602,37806,3
2013,3,"83a888fffffffff",3,1,"MG","3104809,3127602,3136405",2551,7653,3
2013,3,"83a889fffffffff",3,1,"MG","3109402,3136306,3169356",754,2262,3
2013,3,"83a88afffffffff",3,1,"MG","3107307,3116803,3121605",1729,5187,3
2013,3,"83a88dfffffffff",3,1,"MG","3125705,3152006,3168903",2227,6681,3
2013,3,"83a891fffffffff",3,1,"ES","3201506,3202207,3203205",9947,29841,3
2013,3,"83a898fffffffff",3,2,"ES/MG","3168606,3202108,3203601",4173,12519,3
2013,3,"83a89dfffffffff",3,1,"MG","3100500,3127701,3139201",7166,21498,3
2013,3,"83a8a2fffffffff",3,1,"RJ","3300704,3303401,3304904",25062,75186,3
2013,3,"83a8abfffffffff",3,1,"MG","3123403,3137205,3159704",9867,29601,3
2013,3,"83a8acfffffffff",3,2,"MG/SP","3132404,3147204,3548609",17450,52350,3
2013,3,"83a8b1fffffffff",3,1,"RJ","3301009,3302403,3304607",10584,31752,3
2013,3,"83a8c4fffffffff",3,1,"GO","5207402,5209705,5213806",2646,7938,3
2013,3,"83a8c6fffffffff",3,1,"GO","5212501,5217104,5222005",2390,7170,3
2013,3,"83a8ccfffffffff",3,2,"GO/MT","5101803,5202502,5213707",126,378,3
2013,3,"83a8d1fffffffff",3,3,"DF/GO/MG","3109303,5208004,5300108",9000,27000,3
2013,3,"83a8d5fffffffff",3,2,"GO/MG","3170404,5210109,5212501",2816,8448,3
2013,3,"83a8e0fffffffff",3,2,"GO/MG","3114550,3159803,5204102",989,2967,3
2013,3,"83a8e2fffffffff",3,2,"GO/MG","3134202,5209937,5211503",5762,17286,3
2013,3,"83a8e3fffffffff",3,1,"GO","5200134,5209101,5218805",5887,17661,3
2013,3,"83a8e6fffffffff",3,2,"MG/SP","3111101,3134400,3536604",2483,7449,3
2013,3,"83a8eafffffffff",3,1,"GO","5204409,5210208,5212204",1027,3081,3
2013,3,"83a8ecfffffffff",3,3,"GO/MS/MT","5003256,5100607,5213103",1206,3618,3
2013,3,"83a8f1fffffffff",3,2,"GO/MG","3103504,5203906,5205109",8216,24648,3
2013,3,"83a8f4fffffffff",3,2,"MG/SP","3129707,3170107,3520103",11829,35487,3
2013,3,"83a8f6fffffffff",3,1,"MG","3104007,3119807,3148103",6876,20628,3
2013,3,"83a908fffffffff",3,1,"RS","4304903,4306809,4317251",8637,25911,3
2013,3,"83a90dfffffffff",3,1,"RS","4304200,4310876,4311205",2502,7506,3
2013,3,"83a90efffffffff",3,1,"RS","4308607,4313409,4314753",65306,195918,3
2013,3,"83a91dfffffffff",3,2,"RS/SC","4217709,4318622,4321501",6235,18705,3
2013,3,"83a928fffffffff",3,1,"RS","4304507,4306908,4317004",1078,3234,3
2013,3,"83a92afffffffff",3,1,"RS","4303509,4306908,4318804",1231,3693,3
2013,3,"83a950fffffffff",3,2,"RS/SC","4217204,4301859,4314498",2696,8088,3
2013,3,"83a970fffffffff",3,1,"RS","4302501,4311759,4317400",1444,4332,3
2013,3,"838000fffffffff",2,1,"PI","2202208,2207900",1746,3492,2
2013,3,"838002fffffffff",2,2,"CE/PI","2202729,2305803",2176,4352,2
2013,3,"838003fffffffff",2,2,"MA/PI","2112506,2207702",3124,6248,2
2013,3,"838005fffffffff",2,2,"MA/PI","2103000,2211001",14538,29076,2
2013,3,"83800dfffffffff",2,1,"MA","2107357,2108603",767,1534,2
2013,3,"838011fffffffff",2,1,"CE","2312908,2313500",3670,7340,2
2013,3,"83801cfffffffff",2,2,"CE/PI","2205706,2302602",739,1478,2
2013,3,"838020fffffffff",2,1,"PI","2205102,2208874",162,324,2
2013,3,"838021fffffffff",2,2,"MA/PI","2106706,2206001",272,544,2
2013,3,"838024fffffffff",2,1,"PI","2202307,2210607",533,1066,2
2013,3,"838025fffffffff",2,1,"PI","2202752,2203602",103,206,2
2013,3,"838026fffffffff",2,1,"PI","2210003,2210805",412,824,2
2013,3,"838029fffffffff",2,1,"MA","2102150,2102325",163,326,2
2013,3,"83802bfffffffff",2,1,"MA","2101202,2112902",2029,4058,2
2013,3,"83802efffffffff",2,1,"MA","2102309,2109106",716,1432,2
2013,3,"838044fffffffff",2,1,"PA","1501402,1507706",15138,30276,2
2013,3,"83804cfffffffff",2,1,"AP","1600303,1600535",127,254,2
2013,3,"838054fffffffff",2,2,"MA/PA","1500909,2102903",160,320,2
2013,3,"838062fffffffff",2,1,"PA","1501204,1502103",697,1394,2
2013,3,"838063fffffffff",2,1,"PA","1501808,1505205",299,598,2
2013,3,"838065fffffffff",2,1,"PA","1500859,1505486",81,162,2
2013,3,"838068fffffffff",2,2,"AP/PA","1500503,1600279",264,528,2
2013,3,"838071fffffffff",2,1,"PA","1507201,1508001",611,1222,2
2013,3,"838072fffffffff",2,2,"MA/PA","1501956,2104677",220,440,2
2013,3,"838102fffffffff",2,1,"BA","2905305,2919306",635,1270,2
2013,3,"838104fffffffff",2,1,"BA","2905206,2910107",1670,3340,2
2013,3,"838105fffffffff",2,1,"BA","2903904,2930303",1034,2068,2
2013,3,"838106fffffffff",2,1,"BA","2914307,2921906",523,1046,2
2013,3,"838108fffffffff",2,2,"BA/PI","2203206,2920452",114,228,2
2013,3,"83810afffffffff",2,2,"BA/PI","2203750,2905909",123,246,2
2013,3,"83810bfffffffff",2,1,"PI","2201903,2204550",444,888,2
2013,3,"83810dfffffffff",2,2,"BA/PI","2202901,2911105",281,562,2
2013,3,"838113fffffffff",2,1,"BA","2910701,2928000",2419,4838,2
2013,3,"838114fffffffff",2,1,"BA","2922508,2933505",4718,9436,2
2013,3,"838116fffffffff",2,1,"BA","2927408,2933208",50344,100688,2
2013,3,"838118fffffffff",2,2,"BA/PE","2611101,2930774",203,406,2
2013,3,"838119fffffffff",2,2,"BA/PI","2203453,2930204",369,738,2
2013,3,"83811afffffffff",2,2,"BA/PE","2611101,2918407",6876,13752,2
2013,3,"83811cfffffffff",2,1,"BA","2921203,2921708",449,898,2
2013,3,"83811dfffffffff",2,1,"BA","2915353,2924405",56,112,2
2013,3,"838123fffffffff",2,2,"BA/MG","2907103,3124302",2047,4094,2
2013,3,"838124fffffffff",2,1,"MG","3143302,3169703",7979,15958,2
2013,3,"838126fffffffff",2,1,"MG","3134004,3157005",1705,3410,2
2013,3,"83812dfffffffff",2,2,"BA/GO","2909307,5219803",562,1124,2
2013,3,"838130fffffffff",2,1,"BA","2912103,2915809",2899,5798,2
2013,3,"838133fffffffff",2,1,"BA","2902401,2918001",4481,8962,2
2013,3,"838136fffffffff",2,1,"BA","2906303,2925402",1169,2338,2
2013,3,"838143fffffffff",2,2,"PA/TO","1503044,1702307",188,376,2
2013,3,"838145fffffffff",2,2,"PA/TO","1506708,1703909",162,324,2
2013,3,"838146fffffffff",2,1,"TO","1709302,1713205",1001,2002,2
2013,3,"83814efffffffff",2,1,"PA","1502152,1508407",1009,2018,2
2013,3,"838150fffffffff",2,2,"MA/TO","1703842,2101400",1260,2520,2
2013,3,"838151fffffffff",2,2,"MA/TO","1707702,2102804",258,516,2
2013,3,"838154fffffffff",2,2,"MA/PI","2100501,2209203",40,80,2
2013,3,"838155fffffffff",2,2,"MA/TO","1718501,2101400",41,82,2
2013,3,"83815cfffffffff",2,2,"PA/TO","1507458,1702109",2673,5346,2
2013,3,"83815dfffffffff",2,1,"PA","1502772,1508407",576,1152,2
2013,3,"83815efffffffff",2,2,"MA/TO","1721208,2109007",904,1808,2
2013,3,"838162fffffffff",2,1,"TO","1706100,1707306",263,526,2
2013,3,"838163fffffffff",2,2,"MT/TO","1717503,5107776",27,54,2
2013,3,"838164fffffffff",2,2,"GO/TO","1718840,5220207",38,76,2
2013,3,"83816efffffffff",2,2,"MT/PA","1506708,5108600",221,442,2
2013,3,"838170fffffffff",2,1,"TO","1700400,1717909",50,100,2
2013,3,"838174fffffffff",2,1,"TO","1700400,1714203",185,370,2
2013,3,"838175fffffffff",2,1,"TO","1703701,1716604",228,456,2
2013,3,"838180fffffffff",2,2,"AL/PE","2607208,2707305",8279,16558,2
2013,3,"838183fffffffff",2,2,"PB/PE","2507507,2607901",65436,130872,2
2013,3,"83819dfffffffff",2,2,"PB/RN","2408300,2507309",13179,26358,2
2013,3,"8381a1fffffffff",2,1,"SE","2800308,2802908",15814,31628,2
2013,3,"8381a3fffffffff",2,2,"AL/SE","2702306,2802700",470,940,2
2013,3,"8381acfffffffff",2,2,"BA/SE","2803500,2923803",2373,4746,2
2013,3,"8381adfffffffff",2,1,"BA","2906824,2932002",254,508,2
2013,3,"838a00fffffffff",2,2,"AM/RO","1100205,1301704",251,502,2
2013,3,"838a26fffffffff",2,1,"RO","1101005,1101302",154,308,2
2013,3,"838a34fffffffff",2,2,"MT/RO","1100049,5107578",2527,5054,2
2013,3,"838a35fffffffff",2,1,"RO","1100114,1100122",3624,7248,2
2013,3,"838a8efffffffff",2,2,"AM/PA","1303403,1503002",457,914,2
2013,3,"838aabfffffffff",2,1,"AM","1301902,1303106",90,180,2
2013,3,"838adefffffffff",2,1,"RR","1400282,1400308",99,198,2
2013,3,"838b13fffffffff",2,2,"MT/RO","1100031,5105507",50,100,2
2013,3,"838b49fffffffff",2,2,"AC/AM","1200203,1301654",658,1316,2
2013,3,"838b5efffffffff",2,2,"AC/AM","1200807,1300706",109,218,2
2013,3,"838b84fffffffff",2,1,"MT","5105259,5107305",1533,3066,2
2013,3,"838ba4fffffffff",2,1,"MT","5101704,5102504",1010,2020,2
2013,3,"838baafffffffff",2,1,"MT","5101902,5105150",196,392,2
2013,3,"838bacfffffffff",2,1,"MT","5103304,5107875",880,1760,2
2013,3,"838bb0fffffffff",2,1,"MT","5106307,5106455",258,516,2
2013,3,"838bb1fffffffff",2,1,"MT","5105903,5106224",800,1600,2
2013,3,"838bb4fffffffff",2,1,"MT","5102678,5107008",2144,4288,2
2013,3,"838bb6fffffffff",2,1,"MT","5106281,5107792",133,266,2
2013,3,"83a801fffffffff",2,1,"PR","4106407,4107009",27491,54982,2
2013,3,"83a802fffffffff",2,1,"SP","3522406,3523503",6503,13006,2
2013,3,"83a804fffffffff",2,1,"PR","4106902,4119905",21915,43830,2
2013,3,"83a805fffffffff",2,1,"PR","4122651,4127106",2729,5458,2
2013,3,"83a806fffffffff",2,2,"PR/SP","3502705,4105201",1728,3456,2
2013,3,"83a808fffffffff",2,2,"MS/SP","3541406,5002308",12970,25940,2
2013,3,"83a813fffffffff",2,2,"MG/SP","3146008,3509502",61475,122950,2
2013,3,"83a815fffffffff",2,1,"SP","3523305,3537909",4213,8426,2
2013,3,"83a816fffffffff",2,1,"SP","3506359,3550704",2277,4554,2
2013,3,"83a826fffffffff",2,1,"SC","4211751,4214805",8019,16038,2
2013,3,"83a828fffffffff",2,1,"PR","4102000,4108601",3884,7768,2
2013,3,"83a82cfffffffff",2,1,"PR","4100459,4126272",5205,10410,2
2013,3,"83a831fffffffff",2,2,"PR/SC","4106902,4209102",65585,131170,2
2013,3,"83a833fffffffff",2,2,"PR/SP","3520301,4109500",885,1770,2
2013,3,"83a835fffffffff",2,1,"SC","4209102,4213203",59582,119164,2
2013,3,"83a842fffffffff",2,1,"MS","5001102,5007406",80,160,2
2013,3,"83a846fffffffff",2,1,"MS","5000708,5003488",701,1402,2
2013,3,"83a852fffffffff",2,2,"GO/MS","5002951,5205471",742,1484,2
2013,3,"83a85bfffffffff",2,1,"MT","5103403,5104807",3333,6666,2
2013,3,"83a85dfffffffff",2,2,"MS/MT","5003207,5106505",13,26,2
2013,3,"83a85efffffffff",2,2,"MS/MT","5006408,5104609",330,660,2
2013,3,"83a871fffffffff",2,1,"MS","5004106,5005400",667,1334,2
2013,3,"83a872fffffffff",2,1,"MS","5000856,5006002",182,364,2
2013,3,"83a873fffffffff",2,1,"MS","5002704,5007208",15913,31826,2
2013,3,"83a875fffffffff",2,1,"MS","5002100,5006606",889,1778,2
2013,3,"83a876fffffffff",2,2,"MS/PR","4120200,5004007",1495,2990,2
2013,3,"83a885fffffffff",2,1,"MG","3105608,3172004",12655,25310,2
2013,3,"83a886fffffffff",2,2,"ES/RJ","3201209,3302205",12145,24290,2
2013,3,"83a88bfffffffff",2,1,"MG","3109204,3151206",2700,5400,2
2013,3,"83a88cfffffffff",2,1,"MG","3106200,3133808",98185,196370,2
2013,3,"83a895fffffffff",2,1,"ES","3202801,3205309",37081,74162,2
2013,3,"83a89afffffffff",2,2,"BA/MG","2916005,3144300",3905,7810,2
2013,3,"83a8a5fffffffff",2,2,"RJ/SP","3303807,3555406",118,236,2
2013,3,"83a8a8fffffffff",2,1,"MG","3126109,3144607",11594,23188,2
2013,3,"83a8c0fffffffff",2,1,"GO","5208707,5215702",56198,112396,2
2013,3,"83a8c1fffffffff",2,1,"GO","5207600,5212956",1439,2878,2
2013,3,"83a8c3fffffffff",2,1,"GO","5205406,5217302",3990,7980,2
2013,3,"83a8c5fffffffff",2,1,"GO","5219712,5220108",1307,2614,2
2013,3,"83a8cafffffffff",2,1,"GO","5214838,5220207",449,898,2
2013,3,"83a8cefffffffff",2,1,"GO","5202502,5206404",662,1324,2
2013,3,"83a8d0fffffffff",2,2,"GO/MG","3170404,5204003",2231,4462,2
2013,3,"83a8d2fffffffff",2,1,"MG","3104502,3161106",507,1014,2
2013,3,"83a8d3fffffffff",2,2,"GO/MG","3126208,5200803",375,750,2
2013,3,"83a8d6fffffffff",2,1,"MG","3108206,3164209",290,580,2
2013,3,"83a8d9fffffffff",2,2,"GO/TO","1702000,5218003",907,1814,2
2013,3,"83a8dafffffffff",2,2,"GO/TO","1702406,5204904",286,572,2
2013,3,"83a8dcfffffffff",2,1,"GO","5214606,5215603",701,1402,2
2013,3,"83a8e1fffffffff",2,2,"GO/MS","5002902,5204300",1051,2102,2
2013,3,"83a8e5fffffffff",2,2,"GO/MS","5006309,5210802",1536,3072,2
2013,3,"83a8ebfffffffff",2,2,"GO/MT","5101803,5203401",1281,2562,2
2013,3,"83a8edfffffffff",2,2,"GO/MT","5100300,5219407",624,1248,2
2013,3,"83a8f5fffffffff",2,1,"MG","3111408,3170206",16916,33832,2
2013,3,"83a905fffffffff",2,1,"RS","4312500,4318507",243,486,2
2013,3,"83a909fffffffff",2,1,"RS","4313904,4314100",11672,23344,2
2013,3,"83a90afffffffff",2,1,"RS","4304622,4322509",3328,6656,2
2013,3,"83a90bfffffffff",2,2,"RS/SC","4213104,4301701",8434,16868,2
2013,3,"83a90cfffffffff",2,1,"RS","4311403,4318408",13446,26892,2
2013,3,"83a918fffffffff",2,1,"SC","4207304,4218707",17928,35856,2
2013,3,"83a919fffffffff",2,1,"SC","4209300,4218350",4628,9256,2
2013,3,"83a92bfffffffff",2,1,"RS","4303004,4306908",2325,4650,2
2013,3,"83a952fffffffff",2,2,"PR/SC","4128609,4212007",11389,22778,2
2013,3,"83a953fffffffff",2,2,"PR/SC","4124053,4205001",4881,9762,2
2013,3,"83a954fffffffff",2,1,"RS","4306429,4317202",6873,13746,2
2013,3,"83a956fffffffff",2,2,"RS/SC","4204202,4305801",12050,24100,2
2013,3,"83a95afffffffff",2,2,"MS/PR","4108809,5004304",470,940,2
2013,3,"83a972fffffffff",2,1,"RS","4306106,4317509",6179,12358,2
2013,3,"83a974fffffffff",2,1,"RS","4316402,4318101",1224,2448,2
2013,3,"83c2dafffffffff",2,1,"RS","4306601,4317103",2115,4230,2
2023,3,"83a820fffffffff",6,2,"PR/SC","4117602,4128203,4200408,4203006,4213609,4215505",7118,42708,6
2023,3,"838032fffffffff",5,3,"CE/PB/RN","2305506,2306900,2314003,2412500,2516805",3090,15450,5
2023,3,"838036fffffffff",5,3,"CE/PB/PE","2304202,2506608,2509602,2612208,2613503",8830,44150,5
2023,3,"83818cfffffffff",5,3,"PB/PE/RN","2403400,2509701,2510808,2608008,2613602",3393,16965,5
2023,3,"8381a8fffffffff",5,4,"AL/BA/PE/SE","2607000,2611002,2702405,2801207,2924009",2631,13155,5
2023,3,"83a824fffffffff",5,2,"RS/SC","4204806,4206801,4217907,4301800,4314464",3306,16530,5
2023,3,"83a882fffffffff",5,2,"ES/MG","3101102,3131208,3202702,3203700,3205069",4940,24700,5
2023,3,"83a8a1fffffffff",5,3,"MG/RJ/SP","3107208,3147600,3303807,3304201,3527207",20071,100355,5
2023,3,"838001fffffffff",4,2,"MA/PI","2102101,2103406,2206100,2206209",946,3784,4
2023,3,"838006fffffffff",4,2,"CE/PI","2206357,2210409,2304103,2305902",1139,4556,4
2023,3,"838023fffffffff",4,2,"MA/PI","2107803,2111102,2200509,2203909",1856,7424,4
2023,3,"838030fffffffff",4,3,"CE/PE/PI","2204303,2302701,2311900,2605301",757,3028,4
2023,3,"838033fffffffff",4,1,"CE","2302404,2310902,2312700,2313302",938,3752,4
2023,3,"838100fffffffff",4,1,"BA","2904001,2919801,2923209,2926905",826,3304,4
2023,3,"838112fffffffff",4,2,"BA/SE","2803005,2807402,2900702,2922904",2875,11500,4
2023,3,"83811bfffffffff",4,3,"BA/PE/PI","2205565,2208650,2600203,2907202",585,2340,4
2023,3,"838181fffffffff",4,2,"PB/PE","2501302,2509909,2604106,2616407",19444,77776,4
2023,3,"838185fffffffff",4,2,"AL/PE","2604700,2616506,2704302,2707602",20855,83420,4
2023,3,"838188fffffffff",4,2,"PB/RN","2402006,2411403,2513406,2516755",3887,15548,4
2023,3,"83818dfffffffff",4,3,"PB/PE/RN","2400505,2503704,2512101,2612802",3520,14080,4
2023,3,"8381a9fffffffff",4,2,"BA/PE","2601607,2605707,2907707,2909901",503,2012,4
2023,3,"8381aefffffffff",4,2,"AL/SE","2706307,2706703,2804508,2805703",7983,31932,4
2023,3,"83a800fffffffff",4,2,"PR/SP","3523206,4109005,4112009,4128633",4789,19156,4
2023,3,"83a803fffffffff",4,2,"PR/SP","3511409,3527504,3557204,4124103",11624,46496,4
2023,3,"83a80dfffffffff",4,3,"MS/PR/SP","3544251,4117107,5001904,5006200",2450,9800,4
2023,3,"83a818fffffffff",4,1,"SP","3503208,3506102,3514924,3522000",24805,99220,4
2023,3,"83a81cfffffffff",4,1,"SP","3504503,3506003,3514304,3547007",24416,97664,4
2023,3,"83a81dfffffffff",4,1,"SP","3504404,3527108,3529005,3544806",11627,46508,4
2023,3,"83a81efffffffff",4,1,"SP","3507902,3526902,3539301,3550902",31925,127700,4
2023,3,"83a822fffffffff",4,2,"PR/SC","4113205,4125100,4215679,4215802",9574,38296,4
2023,3,"83a825fffffffff",4,3,"PR/RS/SC","4117602,4200101,4201604,4320602",11285,45140,4
2023,3,"83a82efffffffff",4,1,"PR","4109401,4114500,4115457,4122503",5516,22064,4
2023,3,"83a880fffffffff",4,3,"ES/MG/RJ","3143906,3171154,3202009,3303104",13647,54588,4
2023,3,"83a881fffffffff",4,1,"MG","3106200,3136207,3145901,3152105",29675,118700,4
2023,3,"83a883fffffffff",4,1,"MG","3113404,3125903,3164001,3168408",14760,59040,4
2023,3,"83a884fffffffff",4,2,"MG/RJ","3101508,3301405,3303401,3304706",13998,55992,4
2023,3,"83a88afffffffff",4,1,"MG","3109204,3116803,3121605,3145455",1753,7012,4
2023,3,"83a88efffffffff",4,1,"MG","3103009,3135704,3156809,3167103",2192,8768,4
2023,3,"83a89cfffffffff",4,2,"ES/MG","3101102,3104700,3151909,3200904",3904,15616,4
2023,3,"83a89efffffffff",4,3,"BA/ES/MG","2922003,3144300,3201001,3203908",5641,22564,4
2023,3,"83a8a3fffffffff",4,2,"MG/RJ","3136702,3300308,3303500,3303906",45024,180096,4
2023,3,"83a8a9fffffffff",4,2,"MG/SP","3115102,3141306,3156908,3536307",7191,28764,4
2023,3,"83a8aafffffffff",4,1,"MG","3108008,3118304,3147709,3162922",17486,69944,4
2023,3,"83a8aefffffffff",4,1,"MG","3101201,3102803,3138203,3162500",5798,23192,4
2023,3,"83a8c2fffffffff",4,2,"DF/GO","5217302,5221858,5222302,5300108",50775,203100,4
2023,3,"83a8c4fffffffff",4,1,"GO","5207402,5209705,5213806,5221551",2887,11548,4
2023,3,"83a8e4fffffffff",4,3,"MG/MS/SP","3114550,3516903,3524808,5001003",7009,28036,4
2023,3,"83a8f0fffffffff",4,2,"GO/MG","3119302,3149804,3170206,5221304",3708,14832,4
2023,3,"83a8f3fffffffff",4,2,"GO/MG","3100104,3128600,5206206,5215504",725,2900,4
2023,3,"83a91bfffffffff",4,1,"SC","4202602,4214904,4216602,4218004",37947,151788,4
2023,3,"838015fffffffff",3,1,"CE","2302800,2305209,2308609",1003,3009,3
2023,3,"838016fffffffff",3,2,"CE/RN","2301109,2302206,2401453",3492,10476,3
2023,3,"838022fffffffff",3,1,"PI","2201002,2207009,2211308",1013,3039,3
2023,3,"838028fffffffff",3,1,"MA","2101608,2105708,2112308",1095,3285,3
2023,3,"83802afffffffff",3,1,"MA","2103307,2103802,2108207",1743,5229,3
2023,3,"838031fffffffff",3,2,"CE/PI","2208106,2208205,2310308",254,762,3
2023,3,"838035fffffffff",3,3,"CE/PE/PI","2208007,2311959,2601102",2843,8529,3
2023,3,"838046fffffffff",3,1,"PA","1502400,1506302,1508209",9792,29376,3
2023,3,"838101fffffffff",3,1,"BA","2913200,2923704,2933455",465,1395,3
2023,3,"838110fffffffff",3,1,"BA","2900702,2909802,2910800",17780,53340,3
2023,3,"838114fffffffff",3,1,"BA","2929750,2932903,2933505",5203,15609,3
2023,3,"838115fffffffff",3,1,"BA","2901007,2914703,2924900",1740,5220,3
2023,3,"83811cfffffffff",3,1,"BA","2906006,2921203,2921708",609,1827,3
2023,3,"83811efffffffff",3,1,"BA","2921500,2929800,2930105",1833,5499,3
2023,3,"838122fffffffff",3,2,"BA/MG","2908705,2919405,3142908",1374,4122,3
2023,3,"838129fffffffff",3,3,"BA/GO/TO","1720903,2928901,5204904",353,1059,3
2023,3,"83812efffffffff",3,2,"BA/MG","2910776,2928109,3142700",977,2931,3
2023,3,"838132fffffffff",3,1,"BA","2905800,2913606,2932309",8473,25419,3
2023,3,"838134fffffffff",3,2,"BA/MG","2911808,2916807,3101706",1469,4407,3
2023,3,"838135fffffffff",3,2,"BA/MG","2906709,3106655,3148707",765,2295,3
2023,3,"838140fffffffff",3,2,"PA/TO","1502707,1701903,1716653",342,1026,3
2023,3,"838152fffffffff",3,2,"MA/PI","2101806,2111607,2211209",704,2112,3
2023,3,"838158fffffffff",3,3,"MA/PA/TO","1501576,1702208,2111532",951,2853,3
2023,3,"83815bfffffffff",3,2,"MA/PA","1502939,1506187,2105427",827,2481,3
2023,3,"838189fffffffff",3,3,"CE/PB/RN","2306009,2401008,2502003",1751,5253,3
2023,3,"83818afffffffff",3,1,"RN","2401651,2406700,2411205",5726,17178,3
2023,3,"83818bfffffffff",3,2,"CE/RN","2305357,2408003,2409704",7297,21891,3
2023,3,"83818efffffffff",3,2,"PB/RN","2412302,2504009,2506301",11337,34011,3
2023,3,"8381aafffffffff",3,3,"AL/PB/PE","2515203,2606002,2706109",5342,16026,3
2023,3,"8381abfffffffff",3,2,"PB/PE","2512309,2605103,2613909",2467,7401,3
2023,3,"83a80afffffffff",3,1,"SP","3502804,3527405,3536000",15778,47334,3
2023,3,"83a80bfffffffff",3,2,"MS/SP","3502101,3549300,5008305",5512,16536,3
2023,3,"83a80cfffffffff",3,2,"PR/SP","3554300,4115200,4119657",18743,56229,3
2023,3,"83a80efffffffff",3,2,"PR/SP","3535507,3542206,4120507",8645,25935,3
2023,3,"83a810fffffffff",3,1,"SP","3508405,3519709,3550308",459499,1378497,3
2023,3,"83a811fffffffff",3,1,"SP","3512308,3538709,3554003",82516,247548,3
2023,3,"83a812fffffffff",3,2,"MG/SP","3165404,3546801,3554102",40697,122091,3
2023,3,"83a819fffffffff",3,1,"SP","3508108,3533908,3549805",25357,76071,3
2023,3,"83a81afffffffff",3,2,"MG/SP","3164704,3530508,3549409",47081,141243,3
2023,3,"83a81bfffffffff",3,2,"MG/SP","3127107,3531902,3533007",9075,27225,3
2023,3,"83a821fffffffff",3,1,"PR","4106803,4114401,4119301",2340,7020,3
2023,3,"83a823fffffffff",3,1,"PR","4110706,4120606,4125605",4309,12927,3
2023,3,"83a826fffffffff",3,1,"SC","4211108,4211751,4213708",8475,25425,3
2023,3,"83a829fffffffff",3,2,"MS/PR","4127403,4128104,5005681",7145,21435,3
2023,3,"83a82afffffffff",3,1,"PR","4107504,4107603,4117271",14587,43761,3
2023,3,"83a888fffffffff",3,1,"MG","3119104,3127602,3138104",2721,8163,3
2023,3,"83a889fffffffff",3,1,"MG","3109402,3161700,3169356",738,2214,3
2023,3,"83a88dfffffffff",3,1,"MG","3123205,3125705,3168903",2290,6870,3
2023,3,"83a891fffffffff",3,1,"ES","3201506,3202207,3203205",11329,33987,3
2023,3,"83a898fffffffff",3,2,"ES/MG","3168606,3202108,3203601",4571,13713,3
2023,3,"83a8a2fffffffff",3,1,"RJ","3300704,3303401,3305505",29150,87450,3
2023,3,"83a8abfffffffff",3,1,"MG","3123205,3123403,3159704",11315,33945,3
2023,3,"83a8acfffffffff",3,2,"MG/SP","3115508,3169307,3538501",18147,54441,3
2023,3,"83a8adfffffffff",3,2,"MG/SP","3111002,3145109,3510807",21668,65004,3
2023,3,"83a8c6fffffffff",3,1,"GO","5212501,5217104,5217401",2471,7413,3
2023,3,"83a8ccfffffffff",3,2,"GO/MT","5101001,5203807,5213707",155,465,3
2023,3,"83a8d1fffffffff",3,3,"DF/GO/MG","3109303,5208004,5300108",11697,35091,3
2023,3,"83a8d5fffffffff",3,2,"GO/MG","3109451,5210109,5212501",4241,12723,3
2023,3,"83a8e0fffffffff",3,2,"GO/MG","3114550,3159803,5204102",977,2931,3
2023,3,"83a8e2fffffffff",3,2,"GO/MG","3134202,5209937,5211503",6676,20028,3
2023,3,"83a8e3fffffffff",3,1,"GO","5200134,5209101,5218805",7944,23832,3
2023,3,"83a8e6fffffffff",3,2,"MG/SP","3111101,3134400,3501806",2370,7110,3
2023,3,"83a8e8fffffffff",3,2,"GO/MT","5101209,5106703,5207253",200,600,3
2023,3,"83a8eafffffffff",3,1,"GO","5204409,5212204,5217203",1204,3612,3
2023,3,"83a8f1fffffffff",3,2,"GO/MG","3103504,5204508,5205109",10174,30522,3
2023,3,"83a8f4fffffffff",3,2,"MG/SP","3129707,3170107,3537008",12332,36996,3
2023,3,"83a8f6fffffffff",3,1,"MG","3104007,3148103,3168200",8563,25689,3
2023,3,"83a908fffffffff",3,1,"RS","4306809,4313300,4320800",8389,25167,3
2023,3,"83a90afffffffff",3,2,"RS/SC","4209300,4304622,4319000",3130,9390,3
2023,3,"83a90dfffffffff",3,1,"RS","4304200,4311205,4316451",2669,8007,3
2023,3,"83a90efffffffff",3,1,"RS","4305108,4314753,4314902",67505,202515,3
2023,3,"83a91dfffffffff",3,2,"RS/SC","4217709,4302303,4321667",7315,21945,3
2023,3,"83a928fffffffff",3,1,"RS","4304507,4306908,4317004",984,2952,3
2023,3,"83a92afffffffff",3,1,"RS","4306056,4306908,4318804",1941,5823,3
2023,3,"83a950fffffffff",3,2,"RS/SC","4206405,4301859,4314498",2708,8124,3
2023,3,"83a970fffffffff",3,1,"RS","4302501,4311718,4317400",1400,4200,3
2023,3,"83a972fffffffff",3,1,"RS","4304655,4317509,4322202",6205,18615,3
2023,3,"838000fffffffff",2,1,"PI","2202208,2207900",1961,3922,2
2023,3,"838002fffffffff",2,2,"CE/PI","2202729,2305803",2886,5772,2
2023,3,"838003fffffffff",2,2,"MA/PI","2112506,2207702",4157,8314,2
2023,3,"838005fffffffff",2,2,"MA/PI","2103000,2211001",19672,39344,2
2023,3,"83800dfffffffff",2,1,"MA","2107357,2108603",933,1866,2
2023,3,"838011fffffffff",2,1,"CE","2306405,2312908",4872,9744,2
2023,3,"838014fffffffff",2,1,"CE","2306504,2311306",1691,3382,2
2023,3,"83801cfffffffff",2,2,"CE/PI","2202083,2302602",939,1878,2
2023,3,"838020fffffffff",2,1,"PI","2205102,2208874",195,390,2
2023,3,"838021fffffffff",2,2,"MA/PI","2106706,2204501",423,846,2
2023,3,"838024fffffffff",2,1,"PI","2202307,2210607",664,1328,2
2023,3,"838025fffffffff",2,1,"PI","2202752,2203602",155,310,2
2023,3,"838026fffffffff",2,1,"PI","2210003,2210805",459,918,2
2023,3,"838029fffffffff",2,1,"MA","2100477,2102325",248,496,2
2023,3,"83802bfffffffff",2,1,"MA","2101202,2112902",2277,4554,2
2023,3,"83802efffffffff",2,1,"MA","2102309,2109106",1017,2034,2
2023,3,"838044fffffffff",2,1,"PA","1501402,1507706",17530,35060,2
2023,3,"83804cfffffffff",2,1,"AP","1600253,1600535",113,226,2
2023,3,"838054fffffffff",2,2,"MA/PA","1500909,2102903",192,384,2
2023,3,"838062fffffffff",2,1,"PA","1501204,1502103",962,1924,2
2023,3,"838063fffffffff",2,1,"PA","1501808,1505205",224,448,2
2023,3,"838065fffffffff",2,1,"PA","1500859,1505486",202,404,2
2023,3,"838068fffffffff",2,2,"AP/PA","1500503,1600279",195,390,2
2023,3,"838071fffffffff",2,1,"PA","1504059,1508001",754,1508,2
2023,3,"838072fffffffff",2,2,"MA/PA","1501956,2104677",304,608,2
2023,3,"838074fffffffff",2,2,"MA/PA","1508126,2105427",150,300,2
2023,3,"838075fffffffff",2,1,"PA","1505502,1508001",19,38,2
2023,3,"838102fffffffff",2,1,"BA","2905305,2919306",842,1684,2
2023,3,"838104fffffffff",2,1,"BA","2905206,2910107",1777,3554,2
2023,3,"838105fffffffff",2,1,"BA","2903904,2930303",829,1658,2
2023,3,"838106fffffffff",2,1,"BA","2902807,2921906",685,1370,2
2023,3,"838108fffffffff",2,2,"BA/PI","2203206,2920452",161,322,2
2023,3,"838109fffffffff",2,2,"BA/PI","2204402,2911105",175,350,2
2023,3,"83810afffffffff",2,2,"BA/PI","2203750,2905909",137,274,2
2023,3,"83810bfffffffff",2,1,"PI","2201903,2204550",614,1228,2
2023,3,"83810dfffffffff",2,2,"BA/PI","2202901,2911105",462,924,2
2023,3,"838113fffffffff",2,1,"BA","2926608,2928000",2570,5140,2
2023,3,"838116fffffffff",2,1,"BA","2916104,2927408",55122,110244,2
2023,3,"838118fffffffff",2,2,"BA/PE","2611101,2930774",209,418,2
2023,3,"838119fffffffff",2,2,"BA/PI","2203453,2926004",390,780,2
2023,3,"83811afffffffff",2,2,"BA/PE","2611101,2918407",9216,18432,2
2023,3,"83811dfffffffff",2,1,"BA","2915353,2924405",81,162,2
2023,3,"838123fffffffff",2,2,"BA/MG","2911709,3124302",2226,4452,2
2023,3,"838124fffffffff",2,1,"MG","3143302,3169703",8919,17838,2
2023,3,"838126fffffffff",2,1,"MG","3134004,3168002",1771,3542,2
2023,3,"83812dfffffffff",2,2,"BA/GO","2909307,5218300",793,1586,2
2023,3,"838130fffffffff",2,1,"BA","2912103,2915809",2865,5730,2
2023,3,"838133fffffffff",2,1,"BA","2902401,2918001",5175,10350,2
2023,3,"838136fffffffff",2,1,"BA","2906303,2925402",1007,2014,2
2023,3,"838143fffffffff",2,2,"PA/TO","1503044,1702307",228,456,2
2023,3,"838145fffffffff",2,2,"PA/TO","1506708,1703909",329,658,2
2023,3,"838146fffffffff",2,1,"TO","1709302,1713205",1027,2054,2
2023,3,"83814efffffffff",2,1,"PA","1505536,1508407",1883,3766,2
2023,3,"838150fffffffff",2,2,"MA/TO","1703842,2101400",1777,3554,2
2023,3,"838151fffffffff",2,2,"MA/TO","1707702,2102804",323,646,2
2023,3,"838154fffffffff",2,2,"MA/PI","2100501,2209203",103,206,2
2023,3,"838155fffffffff",2,2,"MA/TO","1709005,2101400",48,96,2
2023,3,"838156fffffffff",2,1,"PI","2201150,2209203",22,44,2
2023,3,"83815cfffffffff",2,2,"PA/TO","1507458,1702109",4278,8556,2
2023,3,"83815dfffffffff",2,1,"PA","1502772,1508407",1013,2026,2
2023,3,"83815efffffffff",2,2,"MA/TO","1721208,2109007",1039,2078,2
2023,3,"838160fffffffff",2,2,"MT/TO","1711902,5107859",69,138,2
2023,3,"838162fffffffff",2,1,"TO","1706100,1706258",366,732,2
2023,3,"838164fffffffff",2,2,"GO/TO","1718840,5220207",55,110,2
2023,3,"83816efffffffff",2,2,"MT/PA","1506708,5108600",281,562,2
2023,3,"838170fffffffff",2,1,"TO","1700400,1717909",55,110,2
2023,3,"838174fffffffff",2,1,"TO","1700400,1714203",206,412,2
2023,3,"838175fffffffff",2,1,"TO","1716604,1720655",215,430,2
2023,3,"838176fffffffff",2,2,"BA/TO","1707009,2903201",308,616,2
2023,3,"838180fffffffff",2,2,"AL/PE","2602902,2707305",9241,18482,2
2023,3,"838183fffffffff",2,2,"PB/PE","2507507,2610707",75257,150514,2
2023,3,"83819dfffffffff",2,2,"PB/RN","2408300,2507309",16417,32834,2
2023,3,"8381a1fffffffff",2,1,"SE","2802106,2802908",19182,38364,2
2023,3,"8381a3fffffffff",2,2,"AL/SE","2702306,2802700",481,962,2
2023,3,"8381acfffffffff",2,2,"BA/SE","2805505,2923803",2641,5282,2
2023,3,"8381adfffffffff",2,1,"BA","2921500,2932002",273,546,2
2023,3,"838a00fffffffff",2,2,"AM/RO","1100205,1301704",257,514,2
2023,3,"838a26fffffffff",2,1,"RO","1101005,1101302",178,356,2
2023,3,"838a34fffffffff",2,2,"MT/RO","1100049,5107578",3255,6510,2
2023,3,"838a35fffffffff",2,1,"RO","1100114,1100122",4420,8840,2
2023,3,"838a8efffffffff",2,2,"AM/PA","1303403,1503002",581,1162,2
2023,3,"838aabfffffffff",2,1,"AM","1300300,1301902",101,202,2
2023,3,"838ad8fffffffff",2,1,"RR","1400050,1400282",36,72,2
2023,3,"838adefffffffff",2,1,"RR","1400282,1400308",102,204,2
2023,3,"838b13fffffffff",2,2,"MT/RO","1100031,5105507",53,106,2
2023,3,"838b49fffffffff",2,2,"AC/AM","1200203,1301654",847,1694,2
2023,3,"838b53fffffffff",2,2,"AC/RO","1100205,1200013",57,114,2
2023,3,"838b5efffffffff",2,2,"AC/AM","1200807,1300706",89,178,2
2023,3,"838b84fffffffff",2,1,"MT","5105259,5107305",2767,5534,2
2023,3,"838b9bfffffffff",2,1,"PA","1500602,1505031",87,174,2
2023,3,"838b9dfffffffff",2,2,"MT/PA","1503754,5106299",1137,2274,2
2023,3,"838ba4fffffffff",2,1,"MT","5102504,5106505",1261,2522,2
2023,3,"838baafffffffff",2,1,"MT","5101902,5105150",231,462,2
2023,3,"838bacfffffffff",2,1,"MT","5103304,5107875",1228,2456,2
2023,3,"838badfffffffff",2,2,"MT/RO","1100304,5103304",2530,5060,2
2023,3,"838bb0fffffffff",2,1,"MT","5106307,5106455",416,832,2
2023,3,"838bb2fffffffff",2,1,"MT","5102603,5106307",14,28,2
2023,3,"838bb4fffffffff",2,1,"MT","5102678,5107008",3577,7154,2
2023,3,"838bb6fffffffff",2,1,"MT","5106281,5107792",102,204,2
2023,3,"83a801fffffffff",2,1,"PR","4107009,4113700",30241,60482,2
2023,3,"83a802fffffffff",2,1,"SP","3522406,3523503",7293,14586,2
2023,3,"83a804fffffffff",2,1,"PR","4106902,4119905",25006,50012,2
2023,3,"83a805fffffffff",2,1,"PR","4104402,4127106",2970,5940,2
2023,3,"83a806fffffffff",2,2,"PR/SP","3502705,4127882",1621,3242,2
2023,3,"83a808fffffffff",2,2,"MS/SP","3541406,5001904",13390,26780,2
2023,3,"83a813fffffffff",2,2,"MG/SP","3134905,3501905",69446,138892,2
2023,3,"83a815fffffffff",2,1,"SP","3523305,3526100",4165,8330,2
2023,3,"83a816fffffffff",2,1,"SP","3506359,3550704",3058,6116,2
2023,3,"83a828fffffffff",2,1,"PR","4102000,4108601",4040,8080,2
2023,3,"83a82cfffffffff",2,1,"PR","4100459,4113304",5873,11746,2
2023,3,"83a831fffffffff",2,2,"PR/SC","4106902,4209102",73042,146084,2
2023,3,"83a833fffffffff",2,2,"PR/SP","3520301,4109500",807,1614,2
2023,3,"83a835fffffffff",2,1,"SC","4202404,4208906",74397,148794,2
2023,3,"83a842fffffffff",2,1,"MS","5003207,5007406",47,94,2
2023,3,"83a846fffffffff",2,1,"MS","5001102,5003488",896,1792,2
2023,3,"83a852fffffffff",2,2,"GO/MS","5004403,5201504",1114,2228,2
2023,3,"83a85bfffffffff",2,1,"MT","5103403,5104807",4851,9702,2
2023,3,"83a85efffffffff",2,2,"MS/MT","5003306,5104609",300,600,2
2023,3,"83a871fffffffff",2,1,"MS","5004106,5005400",674,1348,2
2023,3,"83a872fffffffff",2,1,"MS","5000856,5007109",178,356,2
2023,3,"83a875fffffffff",2,1,"MS","5002100,5006606",1677,3354,2
2023,3,"83a876fffffffff",2,2,"MS/PR","4125902,5004007",2115,4230,2
2023,3,"83a885fffffffff",2,1,"MG","3105608,3165701",13204,26408,2
2023,3,"83a886fffffffff",2,2,"ES/RJ","3201209,3302205",12138,24276,2
2023,3,"83a88cfffffffff",2,1,"MG","3106200,3147105",103560,207120,2
2023,3,"83a895fffffffff",2,1,"ES","3202603,3205309",42132,84264,2
2023,3,"83a89afffffffff",2,2,"BA/MG","2923001,3144300",4494,8988,2
2023,3,"83a89dfffffffff",2,1,"MG","3127701,3139201",7938,15876,2
2023,3,"83a8a5fffffffff",2,2,"RJ/SP","3303807,3555406",178,356,2
2023,3,"83a8a8fffffffff",2,1,"MG","3126109,3149903",12688,25376,2
2023,3,"83a8b1fffffffff",2,1,"RJ","3301009,3302403",11520,23040,2
2023,3,"83a8c0fffffffff",2,1,"GO","5208707,5215702",72892,145784,2
2023,3,"83a8c1fffffffff",2,1,"GO","5207600,5213905",1316,2632,2
2023,3,"83a8c3fffffffff",2,1,"GO","5205406,5211800",4316,8632,2
2023,3,"83a8c5fffffffff",2,1,"GO","5218805,5220108",1514,3028,2
2023,3,"83a8cafffffffff",2,1,"GO","5214838,5220207",480,960,2
2023,3,"83a8cefffffffff",2,1,"GO","5206404,5214002",659,1318,2
2023,3,"83a8d0fffffffff",2,2,"GO/MG","3170404,5204003",2825,5650,2
2023,3,"83a8d2fffffffff",2,1,"MG","3161106,3170529",579,1158,2
2023,3,"83a8d3fffffffff",2,2,"GO/MG","3126208,5200803",351,702,2
2023,3,"83a8d6fffffffff",2,1,"MG","3108206,3164209",348,696,2
2023,3,"83a8d9fffffffff",2,2,"GO/TO","1702000,5218003",1080,2160,2
2023,3,"83a8dafffffffff",2,2,"GO/TO","1702406,5204904",266,532,2
2023,3,"83a8dbfffffffff",2,2,"GO/TO","1716208,5213772",236,472,2
2023,3,"83a8dcfffffffff",2,1,"GO","5214606,5215603",803,1606,2
2023,3,"83a8e1fffffffff",2,2,"GO/MS","5002902,5204300",1013,2026,2
2023,3,"83a8e5fffffffff",2,2,"GO/MS","5006309,5210802",1440,2880,2
2023,3,"83a8ebfffffffff",2,2,"GO/MT","5101803,5203401",1799,3598,2
2023,3,"83a8ecfffffffff",2,2,"GO/MT","5100607,5213103",1670,3340,2
2023,3,"83a8edfffffffff",2,2,"GO/MT","5100300,5219407",539,1078,2
2023,3,"83a8f5fffffffff",2,1,"MG","3150703,3170206",19324,38648,2
2023,3,"83a905fffffffff",2,1,"RS","4312500,4318507",314,628,2
2023,3,"83a909fffffffff",2,1,"RS","4312658,4313904",11968,23936,2
2023,3,"83a90bfffffffff",2,2,"RS/SC","4213104,4311304",9364,18728,2
2023,3,"83a90cfffffffff",2,1,"RS","4302709,4311403",14453,28906,2
2023,3,"83a918fffffffff",2,1,"SC","4207304,4218707",20712,41424,2
2023,3,"83a919fffffffff",2,1,"SC","4209300,4209607",5362,10724,2
2023,3,"83a929fffffffff",2,1,"RS","4306601,4318309",1335,2670,2
2023,3,"83a92bfffffffff",2,1,"RS","4303004,4306908",2546,5092,2
2023,3,"83a952fffffffff",2,2,"PR/SC","4118501,4205605",12374,24748,2
2023,3,"83a953fffffffff",2,2,"PR/SC","4124400,4205001",5079,10158,2
2023,3,"83a954fffffffff",2,1,"RS","4306429,4317202",7489,14978,2
2023,3,"83a956fffffffff",2,2,"RS/SC","4204202,4310504",13835,27670,2
2023,3,"83a95afffffffff",2,2,"MS/PR","4108809,5004304",496,992,2
2023,3,"83a971fffffffff",2,1,"RS","4317707,4318002",899,1798,2
2023,3,"83a974fffffffff",2,1,"RS","4316402,4318101",914,1828,2
2023,3,"83c2dafffffffff",2,1,"RS","4306601,4317103",2547,5094,2
2013,4,"8481ae1ffffffff",4,2,"AL/SE","2708204,2709202,2802403,2804706",178,712,4
2013,4,"84a8821ffffffff",4,2,"ES/MG","3101102,3137700,3200102,3203700",442,1768,4
2013,4,"84a8ae1ffffffff",4,1,"MG","3102803,3114600,3141900,3165305",507,2028,4
2013,4,"8480015ffffffff",3,2,"MA/PI","2102101,2206100,2208502",127,381,3
2013,4,"8480223ffffffff",3,1,"PI","2201002,2202075,2204006",59,177,3
2013,4,"84802a9ffffffff",3,1,"MA","2103307,2104503,2110302",82,246,3
2013,4,"8480325ffffffff",3,3,"CE/PB/RN","2305407,2412500,2513653",154,462,3
2013,4,"8480355ffffffff",3,3,"CE/PE/PI","2202091,2311959,2601102",457,1371,3
2013,4,"8480365ffffffff",3,2,"CE/PB","2308104,2502409,2504405",249,747,3
2013,4,"8481001ffffffff",3,1,"BA","2912509,2913002,2926905",42,126,3
2013,4,"848110dffffffff",3,1,"BA","2901106,2928604,2929008",1735,5205,3
2013,4,"8481127ffffffff",3,2,"BA/SE","2803005,2807402,2916500",822,2466,3
2013,4,"84812e9ffffffff",3,2,"BA/MG","2908101,2910776,3142700",194,582,3
2013,4,"8481323ffffffff",3,1,"BA","2905800,2932200,2932309",644,1932,3
2013,4,"8481347ffffffff",3,2,"BA/MG","2916302,2916807,3136504",425,1275,3
2013,4,"8481583ffffffff",3,3,"MA/PA/TO","1501576,1707405,2111532",84,252,3
2013,4,"8481813ffffffff",3,2,"PB/PE","2500536,2612505,2616209",972,2916,3
2013,4,"8481817ffffffff",3,2,"PB/PE","2501302,2509909,2614501",1100,3300,3
2013,4,"8481857ffffffff",3,2,"AL/PE","2611507,2616506,2705606",450,1350,3
2013,4,"848188dffffffff",3,2,"PB/RN","2408904,2514701,2516755",712,2136,3
2013,4,"84818c7ffffffff",3,2,"PB/RN","2403400,2501153,2516508",201,603,3
2013,4,"84818e7ffffffff",3,2,"PB/RN","2412302,2505352,2516409",261,783,3
2013,4,"8481a9bffffffff",3,2,"BA/PE","2609808,2900207,2909901",46,138,3
2013,4,"8481aedffffffff",3,2,"AL/SE","2705903,2706703,2805703",1055,3165,3
2013,4,"84a803dffffffff",3,2,"PR/SP","3538808,3553005,4104709",1393,4179,3
2013,4,"84a80b9ffffffff",3,2,"MS/SP","3511003,3536406,5002308",122,366,3
2013,4,"84a80e9ffffffff",3,2,"PR/SP","3519907,3537156,4120507",456,1368,3
2013,4,"84a8103ffffffff",3,1,"SP","3525904,3534401,3550605",49687,149061,3
2013,4,"84a8113ffffffff",3,1,"SP","3512308,3538709,3554508",577,1731,3
2013,4,"84a811bffffffff",3,1,"SP","3512308,3526407,3537503",940,2820,3
2013,4,"84a81bbffffffff",3,2,"MG/SP","3127008,3500907,3517901",266,798,3
2013,4,"84a81d3ffffffff",3,1,"SP","3504404,3517000,3541604",862,2586,3
2013,4,"84a81e7ffffffff",3,1,"SP","3540705,3547601,3553302",2174,6522,3
2013,4,"84a81e9ffffffff",3,1,"SP","3507902,3523602,3550407",2947,8841,3
2013,4,"84a820bffffffff",3,2,"PR/SC","4108502,4200408,4210704",94,282,3
2013,4,"84a82a9ffffffff",3,1,"PR","4108551,4110805,4117271",212,636,3
2013,4,"84a8811ffffffff",3,1,"MG","3102308,3105400,3161908",1059,3177,3
2013,4,"84a8827ffffffff",3,2,"ES/MG","3101102,3202702,3203163",132,396,3
2013,4,"84a8841ffffffff",3,2,"MG/RJ","3124609,3301207,3304706",536,1608,3
2013,4,"84a889dffffffff",3,1,"MG","3109402,3161700,3169356",551,1653,3
2013,4,"84a88e1ffffffff",3,1,"MG","3102407,3117504,3122603",275,825,3
2013,4,"84a88edffffffff",3,1,"MG","3103009,3123106,3125903",318,954,3
2013,4,"84a89e3ffffffff",3,2,"ES/MG","3144300,3202108,3203502",454,1362,3
2013,4,"84a8a13ffffffff",3,3,"MG/RJ/SP","3133105,3302254,3541901",1461,4383,3
2013,4,"84a8a15ffffffff",3,2,"RJ/SP","3302601,3306305,3504909",7491,22473,3
2013,4,"84a8a27ffffffff",3,1,"RJ","3301306,3303401,3305604",415,1245,3
2013,4,"84a8a31ffffffff",3,2,"MG/RJ","3106101,3302908,3306008",1408,4224,3
2013,4,"84a8a3dffffffff",3,1,"RJ","3302502,3302908,3303906",13073,39219,3
2013,4,"84a8aa5ffffffff",3,1,"MG","3118304,3142304,3150406",2855,8565,3
2013,4,"84a8aa7ffffffff",3,1,"MG","3106408,3106705,3120607",1842,5526,3
2013,4,"84a8aa9ffffffff",3,1,"MG","3145604,3159902,3165008",654,1962,3
2013,4,"84a8ad1ffffffff",3,2,"MG/SP","3144102,3151800,3553609",5266,15798,3
2013,4,"84a8ad3ffffffff",3,2,"MG/SP","3163904,3510906,3530508",2259,6777,3
2013,4,"84a8b13ffffffff",3,1,"RJ","3300936,3301009,3304607",245,735,3
2013,4,"84a8c21ffffffff",3,2,"DF/GO","5200308,5219753,5300108",335,1005,3
2013,4,"84a8c23ffffffff",3,1,"GO","5205513,5205802,5222302",81,243,3
2013,4,"84a8cc9ffffffff",3,2,"GO/MT","5101001,5212204,5213707",28,84,3
2013,4,"84a8e01ffffffff",3,2,"GO/MG","3138625,3159803,5220405",87,261,3
2013,4,"84a8e43ffffffff",3,3,"MG/MS/SP","3114550,3546108,5001003",270,810,3
2013,4,"84a8e4bffffffff",3,2,"MS/SP","3520442,3546603,5001003",1338,4014,3
2013,4,"84a8e61ffffffff",3,2,"MG/SP","3111101,3161304,3544202",214,642,3
2013,4,"84a8e6bffffffff",3,2,"MG/SP","3111101,3134400,3530003",814,2442,3
2013,4,"84a8e8bffffffff",3,2,"GO/MT","5101209,5106703,5219407",20,60,3
2013,4,"84a8f0dffffffff",3,1,"MG","3131604,3148103,3149804",441,1323,3
2013,4,"84a8f11ffffffff",3,2,"GO/MG","3103504,5205901,5214804",165,495,3
2013,4,"84a8f4dffffffff",3,2,"MG/SP","3129707,3156908,3537008",630,1890,3
2013,4,"84a9081ffffffff",3,1,"RS","4301404,4309407,4315453",1419,4257,3
2013,4,"84a90ebffffffff",3,1,"RS","4308102,4314753,4319356",3933,11799,3
2013,4,"84a91bbffffffff",3,1,"SC","4200705,4202602,4209805",388,1164,3
2013,4,"84a91d1ffffffff",3,2,"RS/SC","4208708,4303608,4311734",445,1335,3
2013,4,"84a9287ffffffff",3,1,"RS","4306908,4314605,4317004",81,243,3
2013,4,"84a950dffffffff",3,2,"RS/SC","4208401,4301859,4314498",836,2508,3
2013,4,"8480001ffffffff",2,1,"PI","2201945,2202406",86,172,2
2013,4,"848001dffffffff",2,2,"MA/PI","2103901,2206209",61,122,2
2013,4,"8480023ffffffff",2,2,"CE/PI","2202729,2314102",139,278,2
2013,4,"8480031ffffffff",2,2,"MA/PI","2106300,2205409",84,168,2
2013,4,"8480037ffffffff",2,2,"MA/PI","2100907,2207702",2144,4288,2
2013,4,"848003bffffffff",2,2,"MA/PI","2110609,2205805",228,456,2
2013,4,"8480051ffffffff",2,2,"MA/PI","2112209,2211001",121,242,2
2013,4,"8480055ffffffff",2,2,"MA/PI","2112209,2211001",12999,25998,2
2013,4,"8480057ffffffff",2,2,"MA/PI","2112209,2211100",204,408,2
2013,4,"8480067ffffffff",2,1,"CE","2301257,2305902",39,78,2
2013,4,"8480111ffffffff",2,1,"CE","2300754,2308906",71,142,2
2013,4,"8480117ffffffff",2,1,"CE","2300754,2306553",81,162,2
2013,4,"848015bffffffff",2,1,"CE","2305209,2309300",221,442,2
2013,4,"8480161ffffffff",2,1,"CE","2301109,2302206",778,1556,2
2013,4,"8480167ffffffff",2,1,"CE","2302206,2304459",14,28,2
2013,4,"848016dffffffff",2,2,"CE/RN","2307007,2401453",335,670,2
2013,4,"84801cbffffffff",2,2,"CE/PI","2205706,2302057",32,64,2
2013,4,"848020dffffffff",2,1,"PI","2207355,2208874",24,48,2
2013,4,"8480211ffffffff",2,2,"MA/PI","2108009,2208551",45,90,2
2013,4,"8480225ffffffff",2,1,"PI","2203404,2204709",133,266,2
2013,4,"8480235ffffffff",2,2,"MA/PI","2110906,2200509",211,422,2
2013,4,"8480239ffffffff",2,2,"MA/PI","2101509,2203909",927,1854,2
2013,4,"848023dffffffff",2,2,"MA/PI","2101509,2204105",21,42,2
2013,4,"8480261ffffffff",2,1,"PI","2201556,2207959",62,124,2
2013,4,"8480285ffffffff",2,1,"MA","2103802,2104008",183,366,2
2013,4,"84802a3ffffffff",2,1,"MA","2108454,2111508",210,420,2
2013,4,"84802b3ffffffff",2,1,"MA","2108306,2109908",834,1668,2
2013,4,"84802b5ffffffff",2,1,"MA","2101004,2101202",21,42,2
2013,4,"84802e7ffffffff",2,1,"MA","2111078,2111748",22,44,2
2013,4,"84802edffffffff",2,1,"MA","2102309,2107902",71,142,2
2013,4,"8480309ffffffff",2,2,"CE/PE","2301307,2602001",39,78,2
2013,4,"848030bffffffff",2,2,"CE/PI","2204303,2302701",186,372,2
2013,4,"848030dffffffff",2,2,"CE/PE","2312106,2605301",191,382,2
2013,4,"8480317ffffffff",2,2,"CE/PI","2201051,2311264",40,80,2
2013,4,"8480323ffffffff",2,1,"CE","2300309,2304269",226,452,2
2013,4,"8480329ffffffff",2,1,"CE","2303808,2314003",339,678,2
2013,4,"848032dffffffff",2,2,"CE/PB","2305704,2516805",151,302,2
2013,4,"8480335ffffffff",2,1,"CE","2308500,2312700",376,752,2
2013,4,"8480337ffffffff",2,1,"CE","2302404,2310506",105,210,2
2013,4,"8480367ffffffff",2,2,"CE/PB","2301703,2503308",152,304,2
2013,4,"8480369ffffffff",2,2,"CE/PE","2310605,2612208",706,1412,2
2013,4,"848036bffffffff",2,2,"CE/PE","2307106,2604304",133,266,2
2013,4,"8480461ffffffff",2,1,"PA","1507466,1508209",188,376,2
2013,4,"8480469ffffffff",2,1,"PA","1502400,1506500",4215,8430,2
2013,4,"848046bffffffff",2,1,"PA","1501402,1507904",218,436,2
2013,4,"8480549ffffffff",2,2,"MA/PA","1508308,2102903",85,170,2
2013,4,"848062bffffffff",2,1,"PA","1501204,1504604",50,100,2
2013,4,"8480635ffffffff",2,1,"PA","1502806,1505205",34,68,2
2013,4,"8480651ffffffff",2,1,"PA","1500859,1505486",46,92,2
2013,4,"848068bffffffff",2,2,"AP/PA","1500503,1600279",262,524,2
2013,4,"8480717ffffffff",2,1,"PA","1501907,1507201",84,168,2
2013,4,"8480723ffffffff",2,2,"MA/PA","1501956,2101970",16,32,2
2013,4,"8481009ffffffff",2,1,"BA","2919801,2926905",62,124,2
2013,4,"848101bffffffff",2,1,"BA","2922250,2933455",54,108,2
2013,4,"8481021ffffffff",2,1,"BA","2904050,2932804",101,202,2
2013,4,"8481041ffffffff",2,1,"BA","2918753,2919504",45,90,2
2013,4,"848104dffffffff",2,1,"BA","2904605,2926806",87,174,2
2013,4,"8481053ffffffff",2,1,"BA","2930303,2930758",22,44,2
2013,4,"8481065ffffffff",2,1,"BA","2920502,2920809",15,30,2
2013,4,"84810a7ffffffff",2,2,"BA/PI","2203750,2905909",116,232,2
2013,4,"84810bdffffffff",2,1,"PI","2204550,2206654",7,14,2
2013,4,"8481105ffffffff",2,1,"BA","2900702,2914505",1186,2372,2
2013,4,"8481109ffffffff",2,1,"BA","2909802,2928802",1739,3478,2
2013,4,"8481123ffffffff",2,1,"BA","2916500,2923100",192,384,2
2013,4,"8481125ffffffff",2,2,"BA/SE","2807600,2908606",232,464,2
2013,4,"8481131ffffffff",2,1,"BA","2902104,2931905",14,28,2
2013,4,"8481133ffffffff",2,1,"BA","2922656,2925907",203,406,2
2013,4,"8481149ffffffff",2,1,"BA","2917300,2933505",555,1110,2
2013,4,"848114bffffffff",2,1,"BA","2922409,2933505",427,854,2
2013,4,"8481151ffffffff",2,1,"BA","2911907,2921302",143,286,2
2013,4,"8481155ffffffff",2,1,"BA","2907301,2925956",194,388,2
2013,4,"8481159ffffffff",2,1,"BA","2922805,2924900",40,80,2
2013,4,"848115dffffffff",2,1,"BA","2901007,2927903",502,1004,2
2013,4,"848116bffffffff",2,1,"BA","2927408,2933208",46500,93000,2
2013,4,"8481187ffffffff",2,2,"BA/PE","2611101,2930774",184,368,2
2013,4,"84811a1ffffffff",2,2,"BA/PE","2608750,2918407",60,120,2
2013,4,"84811a7ffffffff",2,2,"BA/PE","2612604,2909901",227,454,2
2013,4,"84811abffffffff",2,2,"BA/PE","2611101,2918407",6383,12766,2
2013,4,"84811b3ffffffff",2,1,"PI","2205565,2208650",10,20,2
2013,4,"84811b7ffffffff",2,2,"PE/PI","2200053,2605152",28,56,2
2013,4,"84811bdffffffff",2,2,"BA/PE","2611101,2907202",175,350,2
2013,4,"84811e5ffffffff",2,1,"BA","2901353,2921500",12,24,2
2013,4,"84811e9ffffffff",2,1,"BA","2905503,2924603",228,456,2
2013,4,"84811edffffffff",2,1,"BA","2917003,2925808",140,280,2
2013,4,"848123dffffffff",2,2,"BA/MG","2930006,3124302",340,680,2
2013,4,"848124dffffffff",2,1,"MG","3108503,3169703",28,56,2
2013,4,"8481265ffffffff",2,1,"MG","3117009,3157377",83,166,2
2013,4,"8481269ffffffff",2,1,"MG","3136579,3171600",68,136,2
2013,4,"8481291ffffffff",2,2,"BA/TO","1702703,2928901",21,42,2
2013,4,"8481299ffffffff",2,2,"GO/TO","1705557,5213509",59,118,2
2013,4,"84812d1ffffffff",2,2,"BA/GO","2909307,5219803",15,30,2
2013,4,"84812d7ffffffff",2,2,"BA/GO","2928901,5219803",80,160,2
2013,4,"84812e1ffffffff",2,1,"BA","2909109,2910776",33,66,2
2013,4,"84812edffffffff",2,2,"BA/MG","2910776,3136959",18,36,2
2013,4,"8481301ffffffff",2,1,"BA","2910909,2917102",574,1148,2
2013,4,"8481307ffffffff",2,1,"BA","2912301,2922706",356,712,2
2013,4,"848130dffffffff",2,1,"BA","2923902,2925402",127,254,2
2013,4,"8481327ffffffff",2,1,"BA","2905800,2914901",274,548,2
2013,4,"848133dffffffff",2,1,"BA","2902401,2915106",774,1548,2
2013,4,"8481343ffffffff",2,2,"BA/MG","2920007,3105202",72,144,2
2013,4,"8481349ffffffff",2,2,"BA/MG","2911808,3160306",105,210,2
2013,4,"8481351ffffffff",2,2,"BA/MG","2906709,3122454",212,424,2
2013,4,"8481353ffffffff",2,2,"BA/MG","2906709,3101003",11,22,2
2013,4,"8481355ffffffff",2,2,"BA/MG","2910404,3140555",169,338,2
2013,4,"848135bffffffff",2,1,"MG","3101003,3106655",63,126,2
2013,4,"848136bffffffff",2,1,"BA","2916302,2925402",116,232,2
2013,4,"8481401ffffffff",2,2,"PA/TO","1502707,1706001",317,634,2
2013,4,"848151bffffffff",2,2,"MA/TO","1707702,2102804",171,342,2
2013,4,"8481521ffffffff",2,2,"MA/PI","2106102,2208908",29,58,2
2013,4,"8481525ffffffff",2,2,"MA/PI","2101806,2211209",236,472,2
2013,4,"8481545ffffffff",2,2,"MA/PI","2100501,2209203",35,70,2
2013,4,"8481555ffffffff",2,2,"MA/TO","1703842,2101400",14,28,2
2013,4,"8481585ffffffff",2,2,"MA/TO","1702554,2105302",253,506,2
2013,4,"8481587ffffffff",2,2,"MA/TO","1720309,2112852",37,74,2
2013,4,"84815b5ffffffff",2,2,"MA/PA","1502939,2105427",403,806,2
2013,4,"84815bdffffffff",2,2,"MA/PA","1506187,2100055",336,672,2
2013,4,"84815c3ffffffff",2,2,"PA/TO","1507458,1722107",198,396,2
2013,4,"84815cbffffffff",2,2,"PA/TO","1505635,1702158",28,56,2
2013,4,"84815e3ffffffff",2,2,"MA/TO","1710706,2105302",85,170,2
2013,4,"84815e9ffffffff",2,2,"MA/TO","1700301,2104057",353,706,2
2013,4,"84815ebffffffff",2,2,"MA/TO","1721208,2109007",319,638,2
2013,4,"848164dffffffff",2,2,"GO/TO","1702000,5220207",16,32,2
2013,4,"8481741ffffffff",2,1,"TO","1705607,1714203",23,46,2
2013,4,"8481751ffffffff",2,1,"TO","1709807,1720499",13,26,2
2013,4,"8481753ffffffff",2,1,"TO","1703701,1706258",39,78,2
2013,4,"8481763ffffffff",2,2,"BA/TO","1712702,2911105",8,16,2
2013,4,"8481769ffffffff",2,2,"BA/TO","1715259,2903201",29,58,2
2013,4,"848180bffffffff",2,2,"AL/PE","2611903,2707305",856,1712,2
2013,4,"8481811ffffffff",2,1,"PE","2604106,2605806",7305,14610,2
2013,4,"8481815ffffffff",2,1,"PE","2606408,2608909",3610,7220,2
2013,4,"8481819ffffffff",2,1,"PE","2601508,2610202",711,1422,2
2013,4,"848181dffffffff",2,1,"PE","2602308,2610004",1380,2760,2
2013,4,"8481831ffffffff",2,2,"PB/PE","2503001,2606200",1276,2552,2
2013,4,"8481833ffffffff",2,2,"PB/PE","2506905,2607653",1630,3260,2
2013,4,"8481853ffffffff",2,2,"AL/PE","2604700,2708303",322,644,2
2013,4,"8481859ffffffff",2,1,"AL","2704807,2708600",926,1852,2
2013,4,"848185bffffffff",2,1,"AL","2706604,2709400",283,566,2
2013,4,"8481883ffffffff",2,1,"RN","2406106,2414456",156,312,2
2013,4,"8481885ffffffff",2,2,"PB/RN","2403103,2506202",801,1602,2
2013,4,"8481887ffffffff",2,1,"RN","2403806,2411403",166,332,2
2013,4,"8481889ffffffff",2,2,"PB/RN","2412104,2513406",235,470,2
2013,4,"848188bffffffff",2,2,"PB/RN","2405603,2513901",508,1016,2
2013,4,"8481891ffffffff",2,2,"CE/RN","2311231,2401008",302,604,2
2013,4,"848189bffffffff",2,2,"CE/RN","2306009,2411908",98,196,2
2013,4,"848189dffffffff",2,2,"PB/RN","2414506,2502003",224,448,2
2013,4,"84818a3ffffffff",2,1,"RN","2406700,2409704",63,126,2
2013,4,"84818abffffffff",2,1,"RN","2401651,2406700",99,198,2
2013,4,"84818b3ffffffff",2,2,"CE/RN","2305357,2401107",342,684,2
2013,4,"84818b5ffffffff",2,1,"RN","2407203,2409704",449,898,2
2013,4,"84818c3ffffffff",2,2,"PB/PE","2510808,2607703",1526,3052,2
2013,4,"84818c9ffffffff",2,2,"PB/PE","2509701,2614105",408,816,2
2013,4,"84818cdffffffff",2,2,"PB/PE","2504702,2608008",103,206,2
2013,4,"84818d1ffffffff",2,1,"PB","2500775,2504801",147,294,2
2013,4,"84818d3ffffffff",2,2,"PB/RN","2414100,2516201",1091,2182,2
2013,4,"84818d7ffffffff",2,2,"PB/RN","2400505,2512101",681,1362,2
2013,4,"84818dbffffffff",2,1,"PB","2500205,2503704",861,1722,2
2013,4,"84818ddffffffff",2,2,"PB/PE","2500106,2612802",117,234,2
2013,4,"84818e1ffffffff",2,1,"PB","2500908,2512002",1641,3282,2
2013,4,"84818e3ffffffff",2,2,"PB/RN","2405009,2505105",370,740,2
2013,4,"84818e5ffffffff",2,1,"PB","2501104,2506301",1439,2878,2
2013,4,"84818edffffffff",2,1,"PB","2506806,2513109",300,600,2
2013,4,"84819dbffffffff",2,2,"PB/RN","2408300,2507309",665,1330,2
2013,4,"8481a13ffffffff",2,1,"SE","2802908,2804805",2348,4696,2
2013,4,"8481a1bffffffff",2,1,"SE","2802106,2806206",1168,2336,2
2013,4,"8481a3bffffffff",2,2,"AL/SE","2706802,2802700",62,124,2
2013,4,"8481a81ffffffff",2,2,"AL/BA","2702405,2924009",1407,2814,2
2013,4,"8481a89ffffffff",2,2,"BA/SE","2801207,2927606",43,86,2
2013,4,"8481a8dffffffff",2,2,"AL/SE","2705804,2801207",224,448,2
2013,4,"8481a91ffffffff",2,2,"BA/PE","2601607,2900207",104,208,2
2013,4,"8481a95ffffffff",2,1,"PE","2605707,2607406",140,280,2
2013,4,"8481aa7ffffffff",2,2,"PB/PE","2515203,2610905",701,1402,2
2013,4,"8481aa9ffffffff",2,2,"AL/PE","2600500,2707206",117,234,2
2013,4,"8481ab3ffffffff",2,2,"PB/PE","2514552,2613909",1014,2028,2
2013,4,"8481ab5ffffffff",2,1,"PE","2605103,2606903",226,452,2
2013,4,"8481ab7ffffffff",2,2,"PB/PE","2512309,2600104",643,1286,2
2013,4,"8481ac7ffffffff",2,2,"BA/SE","2801207,2924207",22,44,2
2013,4,"8481ac9ffffffff",2,2,"BA/SE","2805505,2926509",137,274,2
2013,4,"8481acdffffffff",2,2,"BA/SE","2803500,2923803",1277,2554,2
2013,4,"8481ae5ffffffff",2,1,"AL","2700300,2701407",3650,7300,2
2013,4,"8481ae9ffffffff",2,1,"SE","2801306,2802205",396,792,2
2013,4,"8481aebffffffff",2,2,"AL/SE","2706406,2804508",363,726,2
2013,4,"848a35bffffffff",2,1,"RO","1100114,1100155",1101,2202,2
2013,4,"848a8e5ffffffff",2,2,"AM/PA","1303007,1503002",26,52,2
2013,4,"848b493ffffffff",2,2,"AC/AM","1200203,1301654",647,1294,2
2013,4,"848b5e9ffffffff",2,2,"AC/AM","1200807,1300706",21,42,2
2013,4,"848bb4bffffffff",2,1,"MT","5102678,5103601",618,1236,2
2013,4,"84a8001ffffffff",2,1,"PR","4101606,4128500",1053,2106,2
2013,4,"84a8005ffffffff",2,2,"PR/SP","3523206,4126306",1025,2050,2
2013,4,"84a8007ffffffff",2,2,"PR/SP","3522802,4126603",686,1372,2
2013,4,"84a800dffffffff",2,1,"PR","4112009,4128633",357,714,2
2013,4,"84a801dffffffff",2,1,"PR","4107009,4107751",250,500,2
2013,4,"84a8027ffffffff",2,1,"SP","3523503,3535804",343,686,2
2013,4,"84a8031ffffffff",2,2,"PR/SP","3557204,4121802",4071,8142,2
2013,4,"84a8035ffffffff",2,1,"SP","3506300,3511409",844,1688,2
2013,4,"84a8037ffffffff",2,1,"SP","3527504,3550506",205,410,2
2013,4,"84a803bffffffff",2,2,"PR/SP","3535309,4103602",2410,4820,2
2013,4,"84a8041ffffffff",2,1,"PR","4104204,4119905",20,40,2
2013,4,"84a8047ffffffff",2,1,"PR","4104907,4128633",27,54,2
2013,4,"84a8049ffffffff",2,1,"PR","4102307,4117701",626,1252,2
2013,4,"84a8053ffffffff",2,1,"PR","4117305,4122651",218,436,2
2013,4,"84a8057ffffffff",2,1,"PR","4126207,4127106",1239,2478,2
2013,4,"84a805bffffffff",2,1,"PR","4121703,4122172",170,340,2
2013,4,"84a8061ffffffff",2,2,"PR/SP","3502705,4100202",415,830,2
2013,4,"84a806bffffffff",2,2,"PR/SP","3542800,4105201",205,410,2
2013,4,"84a8083ffffffff",2,2,"MS/SP","3535408,5002308",591,1182,2
2013,4,"84a808bffffffff",2,2,"MS/SP","3541307,5001904",792,1584,2
2013,4,"84a80a9ffffffff",2,1,"SP","3527405,3536000",2557,5114,2
2013,4,"84a80abffffffff",2,1,"SP","3526506,3534906",443,886,2
2013,4,"84a80adffffffff",2,1,"SP","3503356,3537701",449,898,2
2013,4,"84a80b1ffffffff",2,2,"MS/SP","3523008,5008305",2096,4192,2
2013,4,"84a80b7ffffffff",2,2,"MS/SP","3520442,5007802",365,730,2
2013,4,"84a80c1ffffffff",2,1,"PR","4109203,4123402",1343,2686,2
2013,4,"84a80c3ffffffff",2,2,"PR/SP","3554300,4118303",464,928,2
2013,4,"84a80cdffffffff",2,1,"PR","4102109,4122404",2003,4006,2
2013,4,"84a80d7ffffffff",2,1,"MS","5000807,5001904",53,106,2
2013,4,"84a80d9ffffffff",2,2,"PR/SP","3544251,4107108",759,1518,2
2013,4,"84a80ddffffffff",2,2,"PR/SP","3515350,4127304",295,590,2
2013,4,"84a80e1ffffffff",2,1,"SP","3535507,3541703",996,1992,2
2013,4,"84a80e7ffffffff",2,1,"SP","3525607,3555000",2247,4494,2
2013,4,"84a8107ffffffff",2,1,"SP","3518800,3532405",53239,106478,2
2013,4,"84a810bffffffff",2,1,"SP","3513009,3519709",3303,6606,2
2013,4,"84a8111ffffffff",2,1,"SP","3521002,3526407",5097,10194,2
2013,4,"84a8115ffffffff",2,1,"SP","3520509,3545209",19067,38134,2
2013,4,"84a8123ffffffff",2,2,"MG/SP","3110509,3549904",573,1146,2
2013,4,"84a8129ffffffff",2,1,"SP","3545001,3550704",496,992,2
2013,4,"84a812bffffffff",2,1,"SP","3518305,3549904",16560,33120,2
2013,4,"84a8131ffffffff",2,2,"MG/SP","3143401,3501905",5147,10294,2
2013,4,"84a8133ffffffff",2,2,"MG/SP","3134905,3522604",6792,13584,2
2013,4,"84a813dffffffff",2,2,"MG/SP","3125101,3538600",1435,2870,2
2013,4,"84a8155ffffffff",2,1,"SP","3523305,3529906",282,564,2
2013,4,"84a8181ffffffff",2,1,"SP","3515608,3553708",2322,4644,2
2013,4,"84a8185ffffffff",2,1,"SP","3514007,3524303",1741,3482,2
2013,4,"84a8187ffffffff",2,1,"SP","3531308,3556909",4638,9276,2
2013,4,"84a8189ffffffff",2,1,"SP","3519600,3522000",1923,3846,2
2013,4,"84a818bffffffff",2,1,"SP","3507407,3533502",1566,3132,2
2013,4,"84a8195ffffffff",2,1,"SP","3533908,3549805",13505,27010,2
2013,4,"84a8199ffffffff",2,1,"SP","3505104,3555356",200,400,2
2013,4,"84a819bffffffff",2,1,"SP","3508108,3528106",683,1366,2
2013,4,"84a81a5ffffffff",2,2,"MG/SP","3152907,3501004",2310,4620,2
2013,4,"84a81adffffffff",2,1,"SP","3530508,3546256",1138,2276,2
2013,4,"84a81b3ffffffff",2,2,"MG/SP","3151602,3512100",1349,2698,2
2013,4,"84a81b7ffffffff",2,2,"MG/SP","3117306,3517406",289,578,2
2013,4,"84a81b9ffffffff",2,1,"SP","3514957,3533908",2054,4108,2
2013,4,"84a81c5ffffffff",2,1,"SP","3514106,3547007",996,1992,2
2013,4,"84a81c7ffffffff",2,1,"SP","3514304,3525300",4935,9870,2
2013,4,"84a81c9ffffffff",2,1,"SP","3504503,3541059",1251,2502,2
2013,4,"84a81d1ffffffff",2,1,"SP","3501400,3508801",518,1036,2
2013,4,"84a81d7ffffffff",2,1,"SP","3527108,3544806",1783,3566,2
2013,4,"84a81ddffffffff",2,1,"SP","3514502,3516705",987,1974,2
2013,4,"84a81e1ffffffff",2,1,"SP","3512704,3539301",2601,5202,2
2013,4,"84a81e3ffffffff",2,1,"SP","3501707,3518859",1421,2842,2
2013,4,"84a81e5ffffffff",2,1,"SP","3500303,3539301",1035,2070,2
2013,4,"84a81ebffffffff",2,1,"SP","3507902,3542909",6653,13306,2
2013,4,"84a8201ffffffff",2,1,"SC","4213609,4218251",134,268,2
2013,4,"84a8203ffffffff",2,2,"PR/SC","4128203,4213609",1801,3602,2
2013,4,"84a8205ffffffff",2,1,"SC","4211108,4218251",32,64,2
2013,4,"84a8207ffffffff",2,2,"PR/SC","4118709,4207908",224,448,2
2013,4,"84a820dffffffff",2,1,"SC","4209706,4215505",416,832,2
2013,4,"84a8213ffffffff",2,1,"PR","4104428,4120150",243,486,2
2013,4,"84a8215ffffffff",2,1,"PR","4106803,4119301",128,256,2
2013,4,"84a8221ffffffff",2,2,"PR/SC","4122305,4210100",1377,2754,2
2013,4,"84a8223ffffffff",2,1,"PR","4125100,4125605",392,784,2
2013,4,"84a8225ffffffff",2,2,"PR/SC","4119103,4215802",2452,4904,2
2013,4,"84a8229ffffffff",2,1,"SC","4208104,4215679",703,1406,2
2013,4,"84a822bffffffff",2,2,"PR/SC","4101309,4203808",1300,2600,2
2013,4,"84a8231ffffffff",2,1,"PR","4110201,4110706",1214,2428,2
2013,4,"84a8237ffffffff",2,1,"PR","4108957,4110102",551,1102,2
2013,4,"84a8239ffffffff",2,1,"PR","4106803,4113908",67,134,2
2013,4,"84a823dffffffff",2,1,"PR","4113908,4125605",622,1244,2
2013,4,"84a8243ffffffff",2,1,"SC","4203600,4217907",1271,2542,2
2013,4,"84a8247ffffffff",2,1,"SC","4204806,4211058",1269,2538,2
2013,4,"84a8249ffffffff",2,2,"RS/SC","4201000,4314464",185,370,2
2013,4,"84a824bffffffff",2,2,"RS/SC","4204152,4301800",193,386,2
2013,4,"84a8253ffffffff",2,2,"PR/SC","4105706,4200101",636,1272,2
2013,4,"84a8255ffffffff",2,1,"SC","4200408,4215406",657,1314,2
2013,4,"84a8257ffffffff",2,2,"PR/SC","4117602,4200408",692,1384,2
2013,4,"84a8259ffffffff",2,2,"RS/SC","4204301,4312005",2744,5488,2
2013,4,"84a8269ffffffff",2,1,"SC","4200200,4211751",691,1382,2
2013,4,"84a826bffffffff",2,1,"SC","4216057,4217808",162,324,2
2013,4,"84a8289ffffffff",2,1,"PR","4110052,4128005",648,1296,2
2013,4,"84a828bffffffff",2,1,"PR","4102000,4120655",1117,2234,2
2013,4,"84a8299ffffffff",2,1,"PR","4108320,4108809",822,1644,2
2013,4,"84a82a1ffffffff",2,1,"PR","4102505,4125803",693,1386,2
2013,4,"84a82a7ffffffff",2,1,"PR","4112108,4115200",5150,10300,2
2013,4,"84a82c7ffffffff",2,1,"PR","4100459,4109302",329,658,2
2013,4,"84a82e3ffffffff",2,1,"PR","4115739,4122503",202,404,2
2013,4,"84a82e7ffffffff",2,1,"PR","4114500,4119608",598,1196,2
2013,4,"84a82e9ffffffff",2,1,"PR","4104451,4128658",284,568,2
2013,4,"84a82ebffffffff",2,1,"PR","4115457,4117800",228,456,2
2013,4,"84a8319ffffffff",2,2,"PR/SC","4127601,4209102",735,1470,2
2013,4,"84a831dffffffff",2,2,"PR/SC","4109609,4208450",1581,3162,2
2013,4,"84a8351ffffffff",2,1,"SC","4210001,4210605",2212,4424,2
2013,4,"84a835bffffffff",2,1,"SC","4208906,4213203",5854,11708,2
2013,4,"84a8425ffffffff",2,1,"MS","5001102,5007406",39,78,2
2013,4,"84a8461ffffffff",2,1,"MS","5000708,5003488",590,1180,2
2013,4,"84a8527ffffffff",2,2,"GO/MS","5002951,5205471",605,1210,2
2013,4,"84a85e3ffffffff",2,2,"MS/MT","5007935,5104609",226,452,2
2013,4,"84a8725ffffffff",2,1,"MS","5006200,5007109",23,46,2
2013,4,"84a8753ffffffff",2,1,"MS","5000906,5002100",92,184,2
2013,4,"84a8765ffffffff",2,2,"MS/PR","4120200,5007976",97,194,2
2013,4,"84a8805ffffffff",2,2,"ES/MG","3138674,3202009",1248,2496,2
2013,4,"84a8807ffffffff",2,1,"MG","3139409,3171154",2430,4860,2
2013,4,"84a880dffffffff",2,2,"MG/RJ","3113305,3303104",1455,2910,2
2013,4,"84a8815ffffffff",2,1,"MG","3122702,3161007",716,1432,2
2013,4,"84a8817ffffffff",2,1,"MG","3131703,3136207",4124,8248,2
2013,4,"84a8819ffffffff",2,1,"MG","3145901,3146107",2614,5228,2
2013,4,"84a881dffffffff",2,1,"MG","3140001,3152105",1546,3092,2
2013,4,"84a8825ffffffff",2,1,"ES","3202702,3204609",895,1790,2
2013,4,"84a8829ffffffff",2,1,"ES","3201704,3203007",865,1730,2
2013,4,"84a882bffffffff",2,2,"ES/MG","3137700,3202454",724,1448,2
2013,4,"84a882dffffffff",2,1,"ES","3205036,3205069",732,1464,2
2013,4,"84a8833ffffffff",2,1,"MG","3125903,3141702",625,1250,2
2013,4,"84a8835ffffffff",2,1,"MG","3113404,3168408",330,660,2
2013,4,"84a8837ffffffff",2,1,"MG","3162609,3168408",623,1246,2
2013,4,"84a8839ffffffff",2,1,"MG","3154002,3164001",536,1072,2
2013,4,"84a883dffffffff",2,1,"MG","3113404,3167608",2127,4254,2
2013,4,"84a8845ffffffff",2,1,"RJ","3304805,3305307",1005,2010,2
2013,4,"84a8847ffffffff",2,2,"MG/RJ","3105509,3303005",1348,2696,2
2013,4,"84a884bffffffff",2,2,"MG/RJ","3101508,3301207",1651,3302,2
2013,4,"84a884dffffffff",2,1,"RJ","3301405,3304607",614,1228,2
2013,4,"84a8851ffffffff",2,1,"MG","3102100,3141603",452,904,2
2013,4,"84a8857ffffffff",2,1,"MG","3150802,3153103",561,1122,2
2013,4,"84a8859ffffffff",2,1,"MG","3102902,3136702",1446,2892,2
2013,4,"84a8861ffffffff",2,2,"ES/RJ","3203403,3304755",370,740,2
2013,4,"84a8863ffffffff",2,2,"ES/RJ","3200201,3300605",1281,2562,2
2013,4,"84a886bffffffff",2,2,"ES/RJ","3201100,3302205",2900,5800,2
2013,4,"84a8883ffffffff",2,1,"MG","3119104,3138104",38,76,2
2013,4,"84a8885ffffffff",2,1,"MG","3127602,3142502",156,312,2
2013,4,"84a888dffffffff",2,1,"MG","3127602,3153202",53,106,2
2013,4,"84a8891ffffffff",2,1,"MG","3109402,3136306",21,42,2
2013,4,"84a88a7ffffffff",2,1,"MG","3107307,3113503",119,238,2
2013,4,"84a88adffffffff",2,1,"MG","3116803,3125408",183,366,2
2013,4,"84a88bdffffffff",2,1,"MG","3109204,3136405",50,100,2
2013,4,"84a88c1ffffffff",2,1,"MG","3139706,3147402",5457,10914,2
2013,4,"84a88c3ffffffff",2,1,"MG","3147402,3152006",65,130,2
2013,4,"84a88c9ffffffff",2,1,"MG","3133808,3140704",5293,10586,2
2013,4,"84a88d3ffffffff",2,1,"MG","3143500,3148004",24,48,2
2013,4,"84a88d5ffffffff",2,1,"MG","3125705,3152006",172,344,2
2013,4,"84a88d7ffffffff",2,1,"MG","3125705,3143500",117,234,2
2013,4,"84a88e3ffffffff",2,1,"MG","3118106,3121001",92,184,2
2013,4,"84a88e5ffffffff",2,1,"MG","3108800,3128006",739,1478,2
2013,4,"84a88e7ffffffff",2,1,"MG","3156809,3167103",446,892,2
2013,4,"84a8913ffffffff",2,1,"ES","3203353,3204351",786,1572,2
2013,4,"84a8919ffffffff",2,1,"ES","3200607,3202207",2205,4410,2
2013,4,"84a891bffffffff",2,1,"ES","3201506,3204609",3134,6268,2
2013,4,"84a895bffffffff",2,1,"ES","3202405,3202801",3937,7874,2
2013,4,"84a8985ffffffff",2,2,"ES/MG","3113701,3203601",331,662,2
2013,4,"84a898dffffffff",2,2,"ES/MG","3104700,3202108",304,608,2
2013,4,"84a89a3ffffffff",2,2,"BA/MG","2916005,3157658",187,374,2
2013,4,"84a89a9ffffffff",2,2,"BA/MG","2912806,3144300",815,1630,2
2013,4,"84a89c1ffffffff",2,2,"ES/MG","3127370,3203304",233,466,2
2013,4,"84a89c3ffffffff",2,1,"MG","3141504,3144904",146,292,2
2013,4,"84a89c5ffffffff",2,2,"ES/MG","3139607,3200904",990,1980,2
2013,4,"84a89c7ffffffff",2,2,"ES/MG","3131802,3200904",647,1294,2
2013,4,"84a89c9ffffffff",2,1,"MG","3151909,3154309",569,1138,2
2013,4,"84a89cdffffffff",2,2,"ES/MG","3101102,3200805",841,1682,2
2013,4,"84a89d3ffffffff",2,1,"MG","3100609,3158201",297,594,2
2013,4,"84a89d5ffffffff",2,1,"MG","3110806,3126901",217,434,2
2013,4,"84a89d9ffffffff",2,1,"MG","3100500,3122207",192,384,2
2013,4,"84a89e1ffffffff",2,1,"ES","3201001,3203908",643,1286,2
2013,4,"84a89e7ffffffff",2,2,"BA/ES","2922003,3204054",329,658,2
2013,4,"84a89e9ffffffff",2,1,"ES","3203908,3204906",1382,2764,2
2013,4,"84a8a11ffffffff",2,2,"RJ/SP","3304201,3504909",229,458,2
2013,4,"84a8a17ffffffff",2,2,"MG/RJ","3107208,3304201",3260,6520,2
2013,4,"84a8a19ffffffff",2,2,"RJ/SP","3300100,3513603",926,1852,2
2013,4,"84a8a1dffffffff",2,1,"RJ","3300100,3304409",2371,4742,2
2013,4,"84a8a21ffffffff",2,1,"RJ","3300209,3305505",4042,8084,2
2013,4,"84a8a23ffffffff",2,1,"RJ","3300803,3303401",866,1732,2
2013,4,"84a8a33ffffffff",2,2,"MG/RJ","3138609,3306107",442,884,2
2013,4,"84a8a35ffffffff",2,2,"MG/RJ","3116209,3306008",2595,5190,2
2013,4,"84a8a37ffffffff",2,2,"MG/RJ","3136702,3300951",12853,25706,2
2013,4,"84a8a39ffffffff",2,1,"RJ","3303500,3306206",9556,19112,2
2013,4,"84a8a3bffffffff",2,2,"MG/RJ","3159308,3300308",2126,4252,2
2013,4,"84a8a53ffffffff",2,2,"RJ/SP","3303807,3555406",118,236,2
2013,4,"84a8a83ffffffff",2,1,"MG","3126109,3128105",365,730,2
2013,4,"84a8a87ffffffff",2,1,"MG","3112000,3126109",479,958,2
2013,4,"84a8a93ffffffff",2,1,"MG","3121209,3156908",96,192,2
2013,4,"84a8a97ffffffff",2,1,"MG","3141306,3170602",170,340,2
2013,4,"84a8a9bffffffff",2,2,"MG/SP","3147907,3536307",812,1624,2
2013,4,"84a8aa1ffffffff",2,1,"MG","3121407,3147709",946,1892,2
2013,4,"84a8aabffffffff",2,1,"MG","3114006,3159902",1121,2242,2
2013,4,"84a8ab3ffffffff",2,1,"MG","3138807,3159704",464,928,2
2013,4,"84a8ab9ffffffff",2,1,"MG","3123403,3126109",2691,5382,2
2013,4,"84a8abbffffffff",2,1,"MG","3105103,3123403",572,1144,2
2013,4,"84a8ac1ffffffff",2,1,"MG","3159605,3162005",1610,3220,2
2013,4,"84a8ac3ffffffff",2,1,"MG","3147204,3167400",887,1774,2
2013,4,"84a8ac7ffffffff",2,1,"MG","3137809,3162005",3921,7842,2
2013,4,"84a8ac9ffffffff",2,2,"MG/SP","3147303,3548609",1291,2582,2
2013,4,"84a8acdffffffff",2,2,"MG/SP","3132404,3538501",2400,4800,2
2013,4,"84a8ad5ffffffff",2,1,"MG","3111002,3166907",2875,5750,2
2013,4,"84a8ad9ffffffff",2,2,"MG/SP","3102605,3549102",4895,9790,2
2013,4,"84a8ae3ffffffff",2,1,"MG","3138203,3144508",944,1888,2
2013,4,"84a8ae5ffffffff",2,1,"MG","3138609,3150307",206,412,2
2013,4,"84a8aebffffffff",2,1,"MG","3120805,3138708",684,1368,2
2013,4,"84a8b17ffffffff",2,1,"RJ","3301009,3304151",6071,12142,2
2013,4,"84a8c01ffffffff",2,1,"GO","5210000,5219100",3651,7302,2
2013,4,"84a8c09ffffffff",2,1,"GO","5209200,5215702",424,848,2
2013,4,"84a8c0bffffffff",2,1,"GO","5201306,5221502",460,920,2
2013,4,"84a8c19ffffffff",2,1,"GO","5207600,5215207",157,314,2
2013,4,"84a8c1dffffffff",2,1,"GO","5201306,5219001",280,560,2
2013,4,"84a8c25ffffffff",2,2,"DF/GO","5219753,5300108",39930,79860,2
2013,4,"84a8c27ffffffff",2,2,"DF/GO","5200258,5300108",997,1994,2
2013,4,"84a8c2dffffffff",2,1,"GO","5200308,5219753",56,112,2
2013,4,"84a8c31ffffffff",2,1,"GO","5205406,5211800",958,1916,2
2013,4,"84a8c39ffffffff",2,1,"GO","5210406,5221700",173,346,2
2013,4,"84a8c3bffffffff",2,1,"GO","5205000,5211206",351,702,2
2013,4,"84a8c43ffffffff",2,1,"GO","5207352,5207402",312,624,2
2013,4,"84a8c47ffffffff",2,1,"GO","5209705,5218391",149,298,2
2013,4,"84a8c4bffffffff",2,1,"GO","5200134,5222054",137,274,2
2013,4,"84a8c61ffffffff",2,1,"GO","5203302,5206305",341,682,2
2013,4,"84a8c65ffffffff",2,1,"GO","5212501,5215306",164,328,2
2013,4,"84a8c67ffffffff",2,1,"GO","5212501,5222005",256,512,2
2013,4,"84a8c69ffffffff",2,1,"GO","5204508,5219209",47,94,2
2013,4,"84a8c6bffffffff",2,1,"GO","5203302,5217104",628,1256,2
2013,4,"84a8ca1ffffffff",2,1,"GO","5214051,5214838",23,46,2
2013,4,"84a8cadffffffff",2,1,"GO","5214051,5214838",77,154,2
2013,4,"84a8d11ffffffff",2,2,"DF/GO","5208004,5300108",2118,4236,2
2013,4,"84a8d19ffffffff",2,2,"DF/GO","5206206,5300108",2004,4008,2
2013,4,"84a8d1dffffffff",2,2,"GO/MG","3109451,5204003",14,28,2
2013,4,"84a8d31ffffffff",2,2,"GO/MG","3126208,5220702",47,94,2
2013,4,"84a8d3bffffffff",2,2,"GO/MG","3109303,5222203",10,20,2
2013,4,"84a8d51ffffffff",2,2,"GO/MG","3170404,5206206",6,12,2
2013,4,"84a8d57ffffffff",2,2,"GO/MG","3109451,5206206",45,90,2
2013,4,"84a8d59ffffffff",2,1,"GO","5206206,5210109",535,1070,2
2013,4,"84a8d63ffffffff",2,1,"MG","3164209,3170529",34,68,2
2013,4,"84a8d6bffffffff",2,1,"MG","3108206,3157609",80,160,2
2013,4,"84a8d91ffffffff",2,2,"GO/TO","1702000,5215256",38,76,2
2013,4,"84a8d9bffffffff",2,2,"GO/TO","1702000,5220207",121,242,2
2013,4,"84a8da5ffffffff",2,2,"GO/TO","1702406,5204904",275,550,2
2013,4,"84a8dc1ffffffff",2,1,"GO","5213053,5214606",12,24,2
2013,4,"84a8dc9ffffffff",2,1,"GO","5215603,5222302",16,32,2
2013,4,"84a8e05ffffffff",2,1,"MG","3159803,3170438",80,160,2
2013,4,"84a8e07ffffffff",2,2,"GO/MG","3159803,5220405",219,438,2
2013,4,"84a8e0dffffffff",2,1,"MG","3111101,3138625",233,466,2
2013,4,"84a8e19ffffffff",2,2,"GO/MS","5002902,5201504",490,980,2
2013,4,"84a8e21ffffffff",2,2,"GO/MG","3112604,5204250",343,686,2
2013,4,"84a8e23ffffffff",2,1,"GO","5203500,5209937",191,382,2
2013,4,"84a8e25ffffffff",2,2,"GO/MG","3115805,5211503",770,1540,2
2013,4,"84a8e27ffffffff",2,2,"GO/MG","3109808,5211503",1677,3354,2
2013,4,"84a8e2bffffffff",2,2,"GO/MG","3159803,5209150",491,982,2
2013,4,"84a8e35ffffffff",2,1,"GO","5209101,5213004",241,482,2
2013,4,"84a8e37ffffffff",2,1,"GO","5200134,5219308",559,1118,2
2013,4,"84a8e47ffffffff",2,2,"MG/SP","3134400,3520707",310,620,2
2013,4,"84a8e49ffffffff",2,1,"SP","3529104,3552304",303,606,2
2013,4,"84a8e4dffffffff",2,1,"SP","3516903,3540259",796,1592,2
2013,4,"84a8e57ffffffff",2,2,"GO/MS","5002902,5210802",176,352,2
2013,4,"84a8e65ffffffff",2,1,"MG","3133402,3152808",153,306,2
2013,4,"84a8e67ffffffff",2,1,"MG","3111101,3116902",400,800,2
2013,4,"84a8e6dffffffff",2,2,"MG/SP","3127008,3536604",488,976,2
2013,4,"84a8e81ffffffff",2,2,"GO/MT","5106703,5213103",28,56,2
2013,4,"84a8e83ffffffff",2,2,"GO/MT","5107198,5207253",26,52,2
2013,4,"84a8e87ffffffff",2,1,"GO","5203104,5207253",9,18,2
2013,4,"84a8ea7ffffffff",2,1,"GO","5212204,5213707",124,248,2
2013,4,"84a8ea9ffffffff",2,1,"GO","5204409,5215652",65,130,2
2013,4,"84a8eb9ffffffff",2,2,"GO/MT","5108204,5203104",49,98,2
2013,4,"84a8ebdffffffff",2,2,"GO/MT","5101803,5203401",1207,2414,2
2013,4,"84a8ec9ffffffff",2,2,"GO/MS","5003256,5205471",153,306,2
2013,4,"84a8ed5ffffffff",2,2,"GO/MT","5100300,5219407",326,652,2
2013,4,"84a8f03ffffffff",2,2,"GO/MG","3123502,5206602",141,282,2
2013,4,"84a8f07ffffffff",2,1,"MG","3100104,3119302",646,1292,2
2013,4,"84a8f09ffffffff",2,1,"MG","3130705,3145000",483,966,2
2013,4,"84a8f17ffffffff",2,1,"GO","5204508,5210109",1884,3768,2
2013,4,"84a8f1bffffffff",2,2,"GO/MG","3169604,5203906",376,752,2
2013,4,"84a8f1dffffffff",2,2,"GO/MG","3103504,5201207",2418,4836,2
2013,4,"84a8f37ffffffff",2,2,"GO/MG","3147006,5206206",60,120,2
2013,4,"84a8f39ffffffff",2,2,"GO/MG","3100104,5205109",109,218,2
2013,4,"84a8f41ffffffff",2,2,"MG/SP","3156908,3520103",1395,2790,2
2013,4,"84a8f4bffffffff",2,2,"MG/SP","3170107,3529708",2209,4418,2
2013,4,"84a8f55ffffffff",2,1,"MG","3170107,3170206",51,102,2
2013,4,"84a8f59ffffffff",2,1,"MG","3111408,3152808",231,462,2
2013,4,"84a8f5bffffffff",2,1,"MG","3116902,3152808",583,1166,2
2013,4,"84a8f61ffffffff",2,1,"MG","3129509,3166808",465,930,2
2013,4,"84a8f65ffffffff",2,1,"MG","3111507,3162104",1019,2038,2
2013,4,"84a8f6dffffffff",2,1,"MG","3111507,3119807",320,640,2
2013,4,"84a9087ffffffff",2,1,"RS","4304903,4312807",1472,2944,2
2013,4,"84a908dffffffff",2,1,"RS","4306809,4317251",2283,4566,2
2013,4,"84a9093ffffffff",2,1,"RS","4305702,4313706",447,894,2
2013,4,"84a909bffffffff",2,1,"RS","4313904,4316709",1066,2132,2
2013,4,"84a90a3ffffffff",2,1,"RS","4304622,4307401",91,182,2
2013,4,"84a90b7ffffffff",2,2,"RS/SC","4213104,4312203",641,1282,2
2013,4,"84a90c5ffffffff",2,1,"RS","4318408,4320859",1044,2088,2
2013,4,"84a90c9ffffffff",2,1,"RS","4312252,4313953",240,480,2
2013,4,"84a90d1ffffffff",2,1,"RS","4314472,4320701",732,1464,2
2013,4,"84a90d5ffffffff",2,1,"RS","4302006,4309571",204,408,2
2013,4,"84a90d7ffffffff",2,1,"RS","4310876,4322152",86,172,2
2013,4,"84a90ddffffffff",2,1,"RS","4304200,4305132",543,1086,2
2013,4,"84a90e1ffffffff",2,1,"RS","4313201,4316956",6258,12516,2
2013,4,"84a90e5ffffffff",2,1,"RS","4318200,4321709",1611,3222,2
2013,4,"84a9187ffffffff",2,1,"SC","4207304,4209409",1683,3366,2
2013,4,"84a9195ffffffff",2,1,"SC","4211702,4218905",55,110,2
2013,4,"84a919dffffffff",2,1,"SC","4202503,4218350",139,278,2
2013,4,"84a91b3ffffffff",2,1,"SC","4200903,4211504",440,880,2
2013,4,"84a91b7ffffffff",2,1,"SC","4202305,4218004",3244,6488,2
2013,4,"84a91b9ffffffff",2,1,"SC","4201109,4214904",324,648,2
2013,4,"84a91d9ffffffff",2,1,"RS","4312443,4318200",561,1122,2
2013,4,"84a91ddffffffff",2,2,"RS/SC","4216404,4321501",1485,2970,2
2013,4,"84a92bdffffffff",2,1,"RS","4303004,4306908",9,18,2
2013,4,"84a9521ffffffff",2,2,"PR/SC","4121604,4216909",1402,2804,2
2013,4,"84a9525ffffffff",2,2,"PR/SC","4118501,4205605",3054,6108,2
2013,4,"84a952bffffffff",2,2,"PR/SC","4107850,4212007",971,1942,2
2013,4,"84a953dffffffff",2,2,"PR/SC","4124400,4205001",1113,2226,2
2013,4,"84a9545ffffffff",2,1,"RS","4304002,4306429",219,438,2
2013,4,"84a9563ffffffff",2,2,"RS/SC","4212106,4310504",1095,2190,2
2013,4,"84a9565ffffffff",2,2,"RS/SC","4204202,4310702",1559,3118,2
2023,4,"8480325ffffffff",4,3,"CE/PB/RN","2305407,2310803,2412500,2512036",219,876,4
2023,4,"8481ae1ffffffff",4,2,"AL/SE","2701506,2708204,2802403,2804706",153,612,4
2023,4,"84a820bffffffff",4,2,"PR/SC","4108502,4117602,4200408,4210704",180,720,4
2023,4,"84a8a13ffffffff",4,3,"MG/RJ/SP","3107208,3147600,3302254,3513405",1533,6132,4
2023,4,"84a8ae1ffffffff",4,1,"MG","3102803,3114600,3141900,3165305",502,2008,4
2023,4,"8480015ffffffff",3,2,"MA/PI","2102101,2206100,2208502",166,498,3
2023,4,"8480223ffffffff",3,1,"PI","2201002,2210979,2211407",67,201,3
2023,4,"84802a9ffffffff",3,1,"MA","2103307,2103802,2110302",87,261,3
2023,4,"8480355ffffffff",3,3,"CE/PE/PI","2205953,2311959,2601102",575,1725,3
2023,4,"8480365ffffffff",3,2,"CE/PB","2308104,2506608,2509602",263,789,3
2023,4,"848110dffffffff",3,1,"BA","2901106,2904902,2928604",1597,4791,3
2023,4,"8481127ffffffff",3,2,"BA/SE","2803005,2807402,2916500",820,2460,3
2023,4,"84811edffffffff",3,1,"BA","2906808,2917003,2925808",135,405,3
2023,4,"84812e9ffffffff",3,2,"BA/MG","2908101,2910776,3142700",232,696,3
2023,4,"8481323ffffffff",3,1,"BA","2905800,2932200,2932309",534,1602,3
2023,4,"8481347ffffffff",3,2,"BA/MG","2916302,2916807,3157104",306,918,3
2023,4,"8481353ffffffff",3,2,"BA/MG","2906709,3101003,3144656",26,78,3
2023,4,"8481583ffffffff",3,3,"MA/PA/TO","1501576,1707405,2111532",112,336,3
2023,4,"8481813ffffffff",3,2,"PB/PE","2501708,2612505,2616209",2247,6741,3
2023,4,"8481817ffffffff",3,2,"PB/PE","2501302,2509909,2614501",1202,3606,3
2023,4,"8481857ffffffff",3,2,"AL/PE","2611507,2616506,2705606",370,1110,3
2023,4,"848188dffffffff",3,2,"PB/RN","2408904,2514701,2516755",693,2079,3
2023,4,"84818c7ffffffff",3,2,"PB/RN","2403400,2513000,2516508",191,573,3
2023,4,"84818e7ffffffff",3,2,"PB/RN","2412302,2503506,2505352",314,942,3
2023,4,"8481a9bffffffff",3,2,"BA/PE","2609808,2900207,2909901",43,129,3
2023,4,"84a803dffffffff",3,2,"PR/SP","3538808,3553005,4104709",1424,4272,3
2023,4,"84a80b9ffffffff",3,2,"MS/SP","3511003,3549300,5002308",163,489,3
2023,4,"84a80e9ffffffff",3,2,"PR/SP","3519907,3528809,4120507",468,1404,3
2023,4,"84a8103ffffffff",3,1,"SP","3502754,3508405,3550308",60798,182394,3
2023,4,"84a8113ffffffff",3,1,"SP","3512308,3545159,3554508",505,1515,3
2023,4,"84a81bbffffffff",3,2,"MG/SP","3127008,3533007,3533908",305,915,3
2023,4,"84a81d3ffffffff",3,1,"SP","3504404,3517000,3541604",921,2763,3
2023,4,"84a81e7ffffffff",3,1,"SP","3540705,3546306,3550902",2369,7107,3
2023,4,"84a81e9ffffffff",3,1,"SP","3507902,3523602,3543907",3077,9231,3
2023,4,"84a82a9ffffffff",3,1,"PR","4108551,4110805,4117271",204,612,3
2023,4,"84a8811ffffffff",3,1,"MG","3102308,3157203,3161908",1169,3507,3
2023,4,"84a8821ffffffff",3,2,"ES/MG","3144003,3200102,3202454",513,1539,3
2023,4,"84a8827ffffffff",3,2,"ES/MG","3101102,3202702,3203163",139,417,3
2023,4,"84a8841ffffffff",3,2,"MG/RJ","3151107,3301207,3304706",428,1284,3
2023,4,"84a889dffffffff",3,1,"MG","3109402,3161700,3169356",503,1509,3
2023,4,"84a88e1ffffffff",3,1,"MG","3102407,3117504,3122603",303,909,3
2023,4,"84a88edffffffff",3,1,"MG","3103009,3123106,3158003",286,858,3
2023,4,"84a89e3ffffffff",3,2,"ES/MG","3144300,3202108,3203502",438,1314,3
2023,4,"84a8a27ffffffff",3,1,"RJ","3301306,3303401,3305604",519,1557,3
2023,4,"84a8a31ffffffff",3,2,"MG/RJ","3106101,3302908,3306008",1253,3759,3
2023,4,"84a8a3dffffffff",3,1,"RJ","3301850,3302908,3303906",15139,45417,3
2023,4,"84a8aa5ffffffff",3,1,"MG","3118304,3142304,3150406",3514,10542,3
2023,4,"84a8aa9ffffffff",3,1,"MG","3108008,3145604,3165008",570,1710,3
2023,4,"84a8ad1ffffffff",3,2,"MG/SP","3144102,3151800,3513900",5678,17034,3
2023,4,"84a8c21ffffffff",3,2,"DF/GO","5200308,5219753,5300108",488,1464,3
2023,4,"84a8c23ffffffff",3,1,"GO","5205513,5205802,5222302",114,342,3
2023,4,"84a8c4bffffffff",3,1,"GO","5207402,5221551,5222054",153,459,3
2023,4,"84a8e01ffffffff",3,2,"GO/MG","3138625,3159803,5220405",64,192,3
2023,4,"84a8e43ffffffff",3,3,"MG/MS/SP","3114550,3544509,5001003",249,747,3
2023,4,"84a8e4bffffffff",3,2,"MS/SP","3520442,3546603,5001003",1126,3378,3
2023,4,"84a8e61ffffffff",3,2,"MG/SP","3111101,3133402,3544202",158,474,3
2023,4,"84a8e6bffffffff",3,2,"MG/SP","3111101,3134400,3530003",996,2988,3
2023,4,"84a8f0dffffffff",3,1,"MG","3131604,3148103,3149804",406,1218,3
2023,4,"84a8f4dffffffff",3,2,"MG/SP","3129707,3156908,3537008",578,1734,3
2023,4,"84a9081ffffffff",3,1,"RS","4300703,4301404,4309407",1528,4584,3
2023,4,"84a90ebffffffff",3,1,"RS","4301651,4312401,4314753",3756,11268,3
2023,4,"84a91bbffffffff",3,1,"SC","4200705,4202602,4209805",450,1350,3
2023,4,"84a9287ffffffff",3,1,"RS","4306908,4314605,4317004",72,216,3
2023,4,"84a950dffffffff",3,2,"RS/SC","4208401,4301859,4314498",904,2712,3
2023,4,"8480001ffffffff",2,1,"PI","2201945,2202406",110,220,2
2023,4,"848001dffffffff",2,2,"MA/PI","2103901,2206209",91,182,2
2023,4,"8480023ffffffff",2,2,"CE/PI","2202729,2314102",183,366,2
2023,4,"8480031ffffffff",2,2,"MA/PI","2106300,2205409",119,238,2
2023,4,"8480037ffffffff",2,2,"MA/PI","2100907,2207702",2903,5806,2
2023,4,"848003bffffffff",2,2,"MA/PI","2110609,2205805",274,548,2
2023,4,"8480051ffffffff",2,2,"MA/PI","2112209,2211001",252,504,2
2023,4,"8480055ffffffff",2,2,"MA/PI","2112209,2211001",17401,34802,2
2023,4,"8480057ffffffff",2,2,"MA/PI","2112209,2211100",252,504,2
2023,4,"8480067ffffffff",2,1,"CE","2305902,2311009",69,138,2
2023,4,"8480111ffffffff",2,1,"CE","2300754,2308906",121,242,2
2023,4,"8480117ffffffff",2,1,"CE","2300754,2306553",136,272,2
2023,4,"8480119ffffffff",2,1,"CE","2304350,2306108",269,538,2
2023,4,"8480147ffffffff",2,1,"CE","2305266,2306504",24,48,2
2023,4,"848015bffffffff",2,1,"CE","2305209,2309300",210,420,2
2023,4,"8480161ffffffff",2,1,"CE","2301109,2302206",841,1682,2
2023,4,"8480167ffffffff",2,1,"CE","2302206,2304459",40,80,2
2023,4,"848016bffffffff",2,1,"CE","2302206,2308708",12,24,2
2023,4,"848016dffffffff",2,2,"CE/RN","2307007,2401453",382,764,2
2023,4,"84801cbffffffff",2,2,"CE/PI","2202083,2302057",98,196,2
2023,4,"848020dffffffff",2,1,"PI","2207355,2208874",38,76,2
2023,4,"8480211ffffffff",2,2,"MA/PI","2108009,2208551",91,182,2
2023,4,"8480225ffffffff",2,1,"PI","2204709,2209351",152,304,2
2023,4,"8480233ffffffff",2,1,"MA","2105922,2107803",18,36,2
2023,4,"8480235ffffffff",2,2,"MA/PI","2110906,2200509",272,544,2
2023,4,"8480239ffffffff",2,2,"MA/PI","2101509,2203909",1245,2490,2
2023,4,"848023dffffffff",2,2,"MA/PI","2101509,2204105",24,48,2
2023,4,"8480261ffffffff",2,1,"PI","2201556,2207959",25,50,2
2023,4,"8480285ffffffff",2,1,"MA","2103802,2104008",193,386,2
2023,4,"84802a3ffffffff",2,1,"MA","2103604,2111508",289,578,2
2023,4,"84802b3ffffffff",2,1,"MA","2108306,2109908",1014,2028,2
2023,4,"84802b5ffffffff",2,1,"MA","2103554,2106631",19,38,2
2023,4,"84802e7ffffffff",2,1,"MA","2103307,2104602",42,84,2
2023,4,"84802edffffffff",2,1,"MA","2102309,2107902",113,226,2
2023,4,"8480309ffffffff",2,2,"CE/PE","2301307,2607307",64,128,2
2023,4,"848030bffffffff",2,2,"CE/PI","2204303,2302701",167,334,2
2023,4,"848030dffffffff",2,2,"CE/PE","2309201,2605301",243,486,2
2023,4,"8480317ffffffff",2,2,"CE/PI","2201051,2311264",42,84,2
2023,4,"8480323ffffffff",2,1,"CE","2300309,2304269",209,418,2
2023,4,"8480329ffffffff",2,1,"CE","2303808,2314003",358,716,2
2023,4,"848032dffffffff",2,2,"CE/PB","2305704,2516805",160,320,2
2023,4,"8480335ffffffff",2,1,"CE","2310902,2312700",375,750,2
2023,4,"8480337ffffffff",2,1,"CE","2302404,2310506",121,242,2
2023,4,"8480369ffffffff",2,2,"CE/PE","2310605,2612208",593,1186,2
2023,4,"848036bffffffff",2,2,"CE/PE","2307106,2604304",160,320,2
2023,4,"8480445ffffffff",2,1,"PA","1501402,1505700",16670,33340,2
2023,4,"8480461ffffffff",2,1,"PA","1507961,1508209",187,374,2
2023,4,"8480469ffffffff",2,1,"PA","1501501,1502400",6269,12538,2
2023,4,"848046bffffffff",2,1,"PA","1501402,1506302",252,504,2
2023,4,"8480549ffffffff",2,2,"MA/PA","1508308,2102903",94,188,2
2023,4,"848062bffffffff",2,1,"PA","1501204,1504604",86,172,2
2023,4,"8480635ffffffff",2,1,"PA","1502806,1505205",21,42,2
2023,4,"8480651ffffffff",2,1,"PA","1500859,1505486",102,204,2
2023,4,"848068bffffffff",2,2,"AP/PA","1500503,1600279",195,390,2
2023,4,"8480717ffffffff",2,1,"PA","1501907,1507201",66,132,2
2023,4,"8480723ffffffff",2,2,"MA/PA","1501956,2101970",37,74,2
2023,4,"8481009ffffffff",2,1,"BA","2919801,2926905",81,162,2
2023,4,"848101bffffffff",2,1,"BA","2922250,2933455",52,104,2
2023,4,"848101dffffffff",2,1,"BA","2923209,2923704",81,162,2
2023,4,"8481021ffffffff",2,1,"BA","2904050,2932804",103,206,2
2023,4,"8481027ffffffff",2,1,"BA","2921708,2931301",40,80,2
2023,4,"8481041ffffffff",2,1,"BA","2918753,2919504",50,100,2
2023,4,"848104dffffffff",2,1,"BA","2904605,2926806",99,198,2
2023,4,"8481053ffffffff",2,1,"BA","2930303,2930758",34,68,2
2023,4,"8481061ffffffff",2,1,"BA","2914307,2915007",133,266,2
2023,4,"8481099ffffffff",2,2,"BA/PI","2209757,2911105",20,40,2
2023,4,"84810a7ffffffff",2,2,"BA/PI","2203750,2905909",130,260,2
2023,4,"84810bdffffffff",2,1,"PI","2204550,2206654",9,18,2
2023,4,"8481105ffffffff",2,1,"BA","2900702,2914505",1581,3162,2
2023,4,"8481109ffffffff",2,1,"BA","2909802,2928802",1769,3538,2
2023,4,"8481123ffffffff",2,1,"BA","2916500,2922904",218,436,2
2023,4,"8481125ffffffff",2,2,"BA/SE","2807600,2908606",275,550,2
2023,4,"8481131ffffffff",2,1,"BA","2902104,2931905",8,16,2
2023,4,"8481133ffffffff",2,1,"BA","2906808,2922656",238,476,2
2023,4,"8481147ffffffff",2,1,"BA","2920601,2929750",617,1234,2
2023,4,"8481149ffffffff",2,1,"BA","2917300,2933505",451,902,2
2023,4,"848114bffffffff",2,1,"BA","2922409,2933505",447,894,2
2023,4,"8481155ffffffff",2,1,"BA","2907301,2925956",286,572,2
2023,4,"8481159ffffffff",2,1,"BA","2922805,2924900",70,140,2
2023,4,"848115dffffffff",2,1,"BA","2901007,2927903",453,906,2
2023,4,"848116bffffffff",2,1,"BA","2916104,2927408",50975,101950,2
2023,4,"8481187ffffffff",2,2,"BA/PE","2611101,2930774",178,356,2
2023,4,"84811a1ffffffff",2,2,"BA/PE","2608750,2918407",57,114,2
2023,4,"84811a7ffffffff",2,2,"BA/PE","2612604,2909901",217,434,2
2023,4,"84811abffffffff",2,2,"BA/PE","2611101,2918407",8804,17608,2
2023,4,"84811b3ffffffff",2,1,"PI","2205565,2208650",26,52,2
2023,4,"84811bdffffffff",2,2,"BA/PE","2611101,2907202",197,394,2
2023,4,"84811c7ffffffff",2,1,"BA","2906006,2921401",9,18,2
2023,4,"84811cdffffffff",2,1,"BA","2921203,2921708",199,398,2
2023,4,"84811e9ffffffff",2,1,"BA","2924603,2929800",207,414,2
2023,4,"8481221ffffffff",2,1,"BA","2908705,2921807",109,218,2
2023,4,"848123dffffffff",2,2,"BA/MG","2932606,3124302",349,698,2
2023,4,"848124dffffffff",2,1,"MG","3108503,3169703",37,74,2
2023,4,"8481265ffffffff",2,1,"MG","3117009,3157377",69,138,2
2023,4,"8481269ffffffff",2,1,"MG","3136579,3171600",74,148,2
2023,4,"848126dffffffff",2,1,"MG","3134004,3156502",118,236,2
2023,4,"8481291ffffffff",2,2,"BA/TO","1702703,2928901",29,58,2
2023,4,"8481299ffffffff",2,2,"GO/TO","1705557,5204904",50,100,2
2023,4,"84812d1ffffffff",2,2,"BA/GO","2909307,5209408",15,30,2
2023,4,"84812d7ffffffff",2,2,"BA/GO","2928901,5219803",79,158,2
2023,4,"84812e1ffffffff",2,1,"BA","2909109,2910776",62,124,2
2023,4,"84812edffffffff",2,2,"BA/MG","2907103,3136959",21,42,2
2023,4,"8481301ffffffff",2,1,"BA","2910909,2917102",517,1034,2
2023,4,"8481307ffffffff",2,1,"BA","2912301,2922706",360,720,2
2023,4,"848130dffffffff",2,1,"BA","2923902,2925402",153,306,2
2023,4,"8481327ffffffff",2,1,"BA","2905800,2914901",456,912,2
2023,4,"8481335ffffffff",2,1,"BA","2911204,2912707",559,1118,2
2023,4,"848133dffffffff",2,1,"BA","2902401,2915205",808,1616,2
2023,4,"8481343ffffffff",2,2,"BA/MG","2920007,3105202",76,152,2
2023,4,"8481345ffffffff",2,2,"BA/MG","2915304,3157104",90,180,2
2023,4,"8481349ffffffff",2,2,"BA/MG","2911808,3160306",112,224,2
2023,4,"8481351ffffffff",2,2,"BA/MG","2906709,3122454",195,390,2
2023,4,"8481355ffffffff",2,2,"BA/MG","2926657,3140555",163,326,2
2023,4,"848135bffffffff",2,1,"MG","3101003,3106655",88,176,2
2023,4,"848136bffffffff",2,1,"BA","2920908,2925402",105,210,2
2023,4,"8481401ffffffff",2,2,"PA/TO","1502707,1706001",228,456,2
2023,4,"8481439ffffffff",2,2,"PA/TO","1503044,1716307",24,48,2
2023,4,"848145dffffffff",2,2,"PA/TO","1506708,1703909",28,56,2
2023,4,"848150bffffffff",2,2,"MA/TO","1703842,2101400",51,102,2
2023,4,"848151bffffffff",2,2,"MA/TO","1707702,2102804",186,372,2
2023,4,"8481525ffffffff",2,2,"MA/PI","2101806,2211209",299,598,2
2023,4,"8481545ffffffff",2,2,"MA/PI","2100501,2209203",95,190,2
2023,4,"8481555ffffffff",2,2,"MA/TO","1703842,2101400",15,30,2
2023,4,"8481581ffffffff",2,2,"PA/TO","1505494,1702208",259,518,2
2023,4,"8481585ffffffff",2,2,"MA/TO","1720804,2105302",340,680,2
2023,4,"8481587ffffffff",2,2,"MA/TO","1720309,2112852",52,104,2
2023,4,"84815b5ffffffff",2,2,"MA/PA","1502939,2105427",464,928,2
2023,4,"84815bdffffffff",2,2,"MA/PA","1506187,2100055",334,668,2
2023,4,"84815c3ffffffff",2,2,"PA/TO","1507458,1722107",212,424,2
2023,4,"84815cbffffffff",2,2,"PA/TO","1505635,1702158",24,48,2
2023,4,"84815e3ffffffff",2,2,"MA/TO","1710706,2105302",132,264,2
2023,4,"84815e9ffffffff",2,2,"MA/TO","1700301,2104057",381,762,2
2023,4,"84815ebffffffff",2,2,"MA/TO","1721208,2109007",341,682,2
2023,4,"8481629ffffffff",2,1,"TO","1707306,1718899",6,12,2
2023,4,"848162dffffffff",2,1,"TO","1706258,1718899",15,30,2
2023,4,"848164dffffffff",2,2,"GO/TO","1702000,5220207",17,34,2
2023,4,"8481741ffffffff",2,1,"TO","1705607,1714203",27,54,2
2023,4,"848174bffffffff",2,1,"TO","1714203,1716208",7,14,2
2023,4,"8481751ffffffff",2,1,"TO","1709807,1720499",13,26,2
2023,4,"848175dffffffff",2,1,"TO","1705102,1720499",14,28,2
2023,4,"8481769ffffffff",2,2,"BA/TO","1717800,2903201",32,64,2
2023,4,"848180bffffffff",2,2,"AL/PE","2613404,2707305",780,1560,2
2023,4,"8481811ffffffff",2,1,"PE","2604106,2605806",8913,17826,2
2023,4,"8481815ffffffff",2,1,"PE","2606408,2616407",4017,8034,2
2023,4,"8481819ffffffff",2,1,"PE","2601508,2610202",893,1786,2
2023,4,"848181dffffffff",2,1,"PE","2603504,2610004",1198,2396,2
2023,4,"8481831ffffffff",2,2,"PB/PE","2503001,2607653",1405,2810,2
2023,4,"8481833ffffffff",2,2,"PB/PE","2515302,2607653",1726,3452,2
2023,4,"8481853ffffffff",2,2,"AL/PE","2604700,2708105",356,712,2
2023,4,"8481859ffffffff",2,1,"AL","2704807,2708600",1060,2120,2
2023,4,"848185bffffffff",2,1,"AL","2707602,2709400",276,552,2
2023,4,"8481883ffffffff",2,1,"RN","2406106,2414456",176,352,2
2023,4,"8481885ffffffff",2,2,"PB/RN","2403103,2506202",840,1680,2
2023,4,"8481887ffffffff",2,1,"RN","2403806,2411403",191,382,2
2023,4,"8481889ffffffff",2,2,"PB/RN","2408508,2513406",204,408,2
2023,4,"848188bffffffff",2,2,"PB/RN","2405603,2513901",551,1102,2
2023,4,"8481891ffffffff",2,2,"CE/RN","2311231,2401008",381,762,2
2023,4,"8481897ffffffff",2,2,"CE/RN","2313104,2401008",16,32,2
2023,4,"848189bffffffff",2,2,"CE/RN","2306009,2403202",142,284,2
2023,4,"848189dffffffff",2,2,"PB/RN","2400604,2502003",243,486,2
2023,4,"84818a3ffffffff",2,1,"RN","2405108,2406700",81,162,2
2023,4,"84818abffffffff",2,1,"RN","2401651,2406700",115,230,2
2023,4,"84818b3ffffffff",2,2,"CE/RN","2305357,2401107",338,676,2
2023,4,"84818b5ffffffff",2,1,"RN","2407203,2409704",293,586,2
2023,4,"84818c1ffffffff",2,2,"PB/PE","2516300,2607703",188,376,2
2023,4,"84818c3ffffffff",2,2,"PB/PE","2510808,2607703",1985,3970,2
2023,4,"84818c9ffffffff",2,2,"PB/PE","2509701,2614105",360,720,2
2023,4,"84818cdffffffff",2,2,"PB/PE","2504074,2608008",120,240,2
2023,4,"84818d1ffffffff",2,1,"PB","2500775,2511301",140,280,2
2023,4,"84818d3ffffffff",2,2,"PB/RN","2414100,2516201",1354,2708,2
2023,4,"84818d7ffffffff",2,2,"PB/RN","2400505,2512101",730,1460,2
2023,4,"84818dbffffffff",2,1,"PB","2500205,2503704",847,1694,2
2023,4,"84818ddffffffff",2,2,"PB/PE","2506707,2612802",101,202,2
2023,4,"84818e1ffffffff",2,1,"PB","2500908,2512002",1957,3914,2
2023,4,"84818e3ffffffff",2,2,"PB/RN","2405009,2501609",352,704,2
2023,4,"84818e5ffffffff",2,1,"PB","2501104,2506301",1500,3000,2
2023,4,"84818edffffffff",2,1,"PB","2506806,2507606",303,606,2
2023,4,"84819dbffffffff",2,2,"PB/RN","2408300,2507309",728,1456,2
2023,4,"8481a13ffffffff",2,1,"SE","2802908,2804805",3243,6486,2
2023,4,"8481a1bffffffff",2,1,"SE","2802106,2806206",1037,2074,2
2023,4,"8481a3bffffffff",2,2,"AL/SE","2706802,2802700",67,134,2
2023,4,"8481a81ffffffff",2,2,"AL/BA","2702405,2924009",1493,2986,2
2023,4,"8481a83ffffffff",2,2,"BA/PE","2611002,2911402",343,686,2
2023,4,"8481a89ffffffff",2,2,"BA/SE","2801207,2927606",35,70,2
2023,4,"8481a8bffffffff",2,2,"BA/PE","2608057,2924009",329,658,2
2023,4,"8481a8dffffffff",2,2,"AL/SE","2705804,2801207",254,508,2
2023,4,"8481a91ffffffff",2,2,"BA/PE","2601607,2900207",98,196,2
2023,4,"8481a95ffffffff",2,1,"PE","2605707,2607406",128,256,2
2023,4,"8481aa7ffffffff",2,2,"PB/PE","2515203,2610905",538,1076,2
2023,4,"8481aa9ffffffff",2,2,"AL/PE","2600500,2706109",148,296,2
2023,4,"8481ab1ffffffff",2,1,"PE","2601805,2605103",49,98,2
2023,4,"8481ab3ffffffff",2,2,"PB/PE","2514552,2613909",1333,2666,2
2023,4,"8481ab5ffffffff",2,1,"PE","2605103,2606903",269,538,2
2023,4,"8481ab7ffffffff",2,2,"PB/PE","2512309,2600104",731,1462,2
2023,4,"8481ac7ffffffff",2,2,"BA/SE","2801207,2924207",30,60,2
2023,4,"8481ac9ffffffff",2,2,"BA/SE","2805505,2926509",128,256,2
2023,4,"8481acdffffffff",2,2,"BA/SE","2803708,2923803",1366,2732,2
2023,4,"8481ae5ffffffff",2,1,"AL","2700300,2701407",4508,9016,2
2023,4,"8481ae9ffffffff",2,1,"SE","2800209,2802205",494,988,2
2023,4,"8481aebffffffff",2,2,"AL/SE","2706406,2804508",567,1134,2
2023,4,"8481aedffffffff",2,2,"AL/SE","2706703,2805703",942,1884,2
2023,4,"848a35bffffffff",2,1,"RO","1100114,1100155",1295,2590,2
2023,4,"848a8e5ffffffff",2,2,"AM/PA","1303007,1503002",42,84,2
2023,4,"848b493ffffffff",2,2,"AC/AM","1200203,1301654",835,1670,2
2023,4,"848b5e9ffffffff",2,2,"AC/AM","1200807,1300706",20,40,2
2023,4,"848b9d3ffffffff",2,2,"MT/PA","1503754,5106299",99,198,2
2023,4,"848bb4bffffffff",2,1,"MT","5102678,5103601",814,1628,2
2023,4,"84a8001ffffffff",2,1,"PR","4101606,4128500",1073,2146,2
2023,4,"84a8005ffffffff",2,2,"PR/SP","3523206,4126306",1022,2044,2
2023,4,"84a8007ffffffff",2,2,"PR/SP","3505005,4126603",744,1488,2
2023,4,"84a800bffffffff",2,1,"PR","4109708,4128534",165,330,2
2023,4,"84a800dffffffff",2,1,"PR","4112009,4128633",328,656,2
2023,4,"84a8019ffffffff",2,1,"PR","4113700,4117305",165,330,2
2023,4,"84a801dffffffff",2,1,"PR","4107009,4126207",238,476,2
2023,4,"84a8027ffffffff",2,1,"SP","3523503,3535804",341,682,2
2023,4,"84a8031ffffffff",2,2,"PR/SP","3557204,4121802",4295,8590,2
2023,4,"84a8033ffffffff",2,2,"PR/SP","3535309,4103602",759,1518,2
2023,4,"84a8035ffffffff",2,1,"SP","3506300,3511409",873,1746,2
2023,4,"84a8037ffffffff",2,1,"SP","3527504,3550506",232,464,2
2023,4,"84a803bffffffff",2,2,"PR/SP","3535309,4102406",2244,4488,2
2023,4,"84a8041ffffffff",2,1,"PR","4104204,4104907",38,76,2
2023,4,"84a8047ffffffff",2,1,"PR","4104907,4105201",25,50,2
2023,4,"84a8049ffffffff",2,1,"PR","4102307,4117701",556,1112,2
2023,4,"84a8053ffffffff",2,1,"PR","4117305,4122651",317,634,2
2023,4,"84a805bffffffff",2,1,"PR","4104402,4121703",168,336,2
2023,4,"84a8061ffffffff",2,2,"PR/SP","3502705,4100202",294,588,2
2023,4,"84a806bffffffff",2,2,"PR/SP","3522653,4105201",261,522,2
2023,4,"84a8083ffffffff",2,2,"MS/SP","3535408,5002308",458,916,2
2023,4,"84a808bffffffff",2,2,"MS/SP","3541307,5001904",845,1690,2
2023,4,"84a80a9ffffffff",2,1,"SP","3527405,3536000",2497,4994,2
2023,4,"84a80abffffffff",2,1,"SP","3506201,3534906",370,740,2
2023,4,"84a80adffffffff",2,1,"SP","3503356,3537701",399,798,2
2023,4,"84a80b1ffffffff",2,2,"MS/SP","3511003,5008305",2926,5852,2
2023,4,"84a80b7ffffffff",2,2,"MS/SP","3520442,5007802",276,552,2
2023,4,"84a80c1ffffffff",2,1,"PR","4105904,4113809",1219,2438,2
2023,4,"84a80c3ffffffff",2,2,"PR/SP","3554300,4110904",434,868,2
2023,4,"84a80c7ffffffff",2,2,"PR/SP","3532207,4124509",123,246,2
2023,4,"84a80cdffffffff",2,1,"PR","4102109,4119657",2693,5386,2
2023,4,"84a80d7ffffffff",2,1,"MS","5000807,5001904",28,56,2
2023,4,"84a80d9ffffffff",2,2,"PR/SP","3544251,4117107",741,1482,2
2023,4,"84a80ddffffffff",2,2,"PR/SP","3515350,4127304",306,612,2
2023,4,"84a80e1ffffffff",2,1,"SP","3535507,3541703",924,1848,2
2023,4,"84a80e7ffffffff",2,1,"SP","3541703,3555000",2233,4466,2
2023,4,"84a8107ffffffff",2,1,"SP","3507100,3550308",62532,125064,2
2023,4,"84a810bffffffff",2,1,"SP","3519709,3556453",4091,8182,2
2023,4,"84a8111ffffffff",2,1,"SP","3507001,3510401",5879,11758,2
2023,4,"84a8115ffffffff",2,1,"SP","3509502,3523909",23920,47840,2
2023,4,"84a811bffffffff",2,1,"SP","3511607,3512308",843,1686,2
2023,4,"84a8123ffffffff",2,2,"MG/SP","3165404,3508504",680,1360,2
2023,4,"84a8129ffffffff",2,1,"SP","3545001,3550704",662,1324,2
2023,4,"84a812bffffffff",2,1,"SP","3546801,3549904",18572,37144,2
2023,4,"84a8131ffffffff",2,2,"MG/SP","3143401,3501905",5330,10660,2
2023,4,"84a8133ffffffff",2,2,"MG/SP","3134905,3530706",7524,15048,2
2023,4,"84a813dffffffff",2,2,"MG/SP","3125101,3525508",2312,4624,2
2023,4,"84a8155ffffffff",2,1,"SP","3523305,3529906",294,588,2
2023,4,"84a8163ffffffff",2,1,"SP","3506359,3550704",135,270,2
2023,4,"84a8181ffffffff",2,1,"SP","3515608,3553708",2234,4468,2
2023,4,"84a8185ffffffff",2,1,"SP","3514007,3518602",1666,3332,2
2023,4,"84a8187ffffffff",2,1,"SP","3506102,3539004",5036,10072,2
2023,4,"84a8189ffffffff",2,1,"SP","3519600,3522000",2321,4642,2
2023,4,"84a818bffffffff",2,1,"SP","3507407,3521903",1557,3114,2
2023,4,"84a8195ffffffff",2,1,"SP","3533908,3549805",15618,31236,2
2023,4,"84a8199ffffffff",2,1,"SP","3505104,3555356",170,340,2
2023,4,"84a819bffffffff",2,1,"SP","3508108,3528106",707,1414,2
2023,4,"84a81a5ffffffff",2,2,"MG/SP","3164704,3547908",2466,4932,2
2023,4,"84a81adffffffff",2,1,"SP","3510906,3530508",1000,2000,2
2023,4,"84a81b3ffffffff",2,2,"MG/SP","3127107,3512100",1544,3088,2
2023,4,"84a81b7ffffffff",2,2,"MG/SP","3117306,3517406",478,956,2
2023,4,"84a81b9ffffffff",2,1,"SP","3514957,3533908",2291,4582,2
2023,4,"84a81c5ffffffff",2,1,"SP","3547007,3554706",859,1718,2
2023,4,"84a81c7ffffffff",2,1,"SP","3514304,3525300",4629,9258,2
2023,4,"84a81c9ffffffff",2,1,"SP","3504503,3541059",1376,2752,2
2023,4,"84a81cbffffffff",2,1,"SP","3500709,3519253",1019,2038,2
2023,4,"84a81d1ffffffff",2,1,"SP","3501400,3508801",482,964,2
2023,4,"84a81d7ffffffff",2,1,"SP","3527108,3544806",1780,3560,2
2023,4,"84a81ddffffffff",2,1,"SP","3514502,3516705",937,1874,2
2023,4,"84a81e1ffffffff",2,1,"SP","3526704,3539301",2821,5642,2
2023,4,"84a81e3ffffffff",2,1,"SP","3501707,3527603",1454,2908,2
2023,4,"84a81e5ffffffff",2,1,"SP","3539301,3546306",927,1854,2
2023,4,"84a81ebffffffff",2,1,"SP","3507902,3548906",6981,13962,2
2023,4,"84a8201ffffffff",2,1,"SC","4213609,4218251",146,292,2
2023,4,"84a8203ffffffff",2,2,"PR/SC","4128203,4213609",2192,4384,2
2023,4,"84a8207ffffffff",2,2,"PR/SC","4118600,4207908",231,462,2
2023,4,"84a820dffffffff",2,1,"SC","4209706,4215505",392,784,2
2023,4,"84a8211ffffffff",2,1,"PR","4106456,4121752",55,110,2
2023,4,"84a8213ffffffff",2,1,"PR","4104428,4120150",261,522,2
2023,4,"84a8215ffffffff",2,1,"PR","4106803,4119301",135,270,2
2023,4,"84a8221ffffffff",2,2,"PR/SC","4122305,4210100",1973,3946,2
2023,4,"84a8223ffffffff",2,1,"PR","4125100,4125605",494,988,2
2023,4,"84a8225ffffffff",2,2,"PR/SC","4114302,4215802",2761,5522,2
2023,4,"84a8229ffffffff",2,1,"SC","4211108,4215679",702,1404,2
2023,4,"84a822bffffffff",2,2,"PR/SC","4101309,4203808",1615,3230,2
2023,4,"84a8231ffffffff",2,1,"PR","4110201,4110706",1374,2748,2
2023,4,"84a8237ffffffff",2,1,"PR","4108957,4110102",566,1132,2
2023,4,"84a8239ffffffff",2,1,"PR","4113908,4128203",78,156,2
2023,4,"84a823dffffffff",2,1,"PR","4122008,4125605",711,1422,2
2023,4,"84a8243ffffffff",2,1,"SC","4206801,4217907",1160,2320,2
2023,4,"84a8247ffffffff",2,1,"SC","4204806,4211058",1258,2516,2
2023,4,"84a8249ffffffff",2,2,"RS/SC","4201000,4314464",192,384,2
2023,4,"84a824bffffffff",2,2,"RS/SC","4204152,4301800",190,380,2
2023,4,"84a8253ffffffff",2,2,"PR/SC","4105706,4200101",501,1002,2
2023,4,"84a8255ffffffff",2,1,"SC","4201604,4218509",537,1074,2
2023,4,"84a8257ffffffff",2,2,"PR/SC","4117602,4212270",598,1196,2
2023,4,"84a8259ffffffff",2,2,"RS/SC","4204301,4320602",3269,6538,2
2023,4,"84a8263ffffffff",2,1,"SC","4211108,4215679",170,340,2
2023,4,"84a8269ffffffff",2,1,"SC","4200200,4211751",641,1282,2
2023,4,"84a826bffffffff",2,1,"SC","4213351,4217808",174,348,2
2023,4,"84a8289ffffffff",2,1,"PR","4103354,4128005",759,1518,2
2023,4,"84a828bffffffff",2,1,"PR","4102000,4120655",1224,2448,2
2023,4,"84a8291ffffffff",2,2,"MS/PR","4100509,5003751",644,1288,2
2023,4,"84a8297ffffffff",2,2,"MS/PR","4109906,5005707",205,410,2
2023,4,"84a8299ffffffff",2,1,"PR","4108320,4127403",855,1710,2
2023,4,"84a82a1ffffffff",2,1,"PR","4107702,4125803",571,1142,2
2023,4,"84a82a7ffffffff",2,1,"PR","4112108,4114807",5982,11964,2
2023,4,"84a82c7ffffffff",2,1,"PR","4100459,4109302",305,610,2
2023,4,"84a82e3ffffffff",2,1,"PR","4115739,4122503",214,428,2
2023,4,"84a82e7ffffffff",2,1,"PR","4114500,4119608",693,1386,2
2023,4,"84a82e9ffffffff",2,1,"PR","4104451,4128658",279,558,2
2023,4,"84a82ebffffffff",2,1,"PR","4115457,4117800",209,418,2
2023,4,"84a8319ffffffff",2,2,"PR/SC","4127601,4209102",912,1824,2
2023,4,"84a831dffffffff",2,2,"PR/SC","4109609,4208450",2028,4056,2
2023,4,"84a8351ffffffff",2,1,"SC","4210001,4210605",3050,6100,2
2023,4,"84a835bffffffff",2,1,"SC","4210605,4218202",6420,12840,2
2023,4,"84a8425ffffffff",2,1,"MS","5001102,5007406",21,42,2
2023,4,"84a8527ffffffff",2,2,"GO/MS","5002951,5201504",886,1772,2
2023,4,"84a85e3ffffffff",2,2,"MS/MT","5007935,5104609",194,388,2
2023,4,"84a8725ffffffff",2,1,"MS","5006200,5007109",27,54,2
2023,4,"84a8753ffffffff",2,1,"MS","5000906,5002100",77,154,2
2023,4,"84a8765ffffffff",2,2,"MS/PR","4125902,5007976",128,256,2
2023,4,"84a8805ffffffff",2,2,"ES/MG","3124203,3202009",1303,2606,2
2023,4,"84a8807ffffffff",2,1,"MG","3139409,3171154",2869,5738,2
2023,4,"84a880dffffffff",2,2,"MG/RJ","3113305,3303104",1274,2548,2
2023,4,"84a8815ffffffff",2,1,"MG","3102308,3155702",691,1382,2
2023,4,"84a8817ffffffff",2,1,"MG","3131703,3136207",4505,9010,2
2023,4,"84a8819ffffffff",2,1,"MG","3145901,3146107",2950,5900,2
2023,4,"84a881dffffffff",2,1,"MG","3140001,3152105",1585,3170,2
2023,4,"84a8825ffffffff",2,1,"ES","3202702,3202900",1089,2178,2
2023,4,"84a8829ffffffff",2,1,"ES","3201704,3203700",877,1754,2
2023,4,"84a882bffffffff",2,2,"ES/MG","3158904,3202454",790,1580,2
2023,4,"84a882dffffffff",2,1,"ES","3205036,3205069",815,1630,2
2023,4,"84a8833ffffffff",2,1,"MG","3125903,3141702",658,1316,2
2023,4,"84a8835ffffffff",2,1,"MG","3113404,3168408",373,746,2
2023,4,"84a8837ffffffff",2,1,"MG","3162609,3168408",599,1198,2
2023,4,"84a8839ffffffff",2,1,"MG","3154002,3164001",489,978,2
2023,4,"84a883dffffffff",2,1,"MG","3113404,3167608",2545,5090,2
2023,4,"84a8845ffffffff",2,1,"RJ","3304805,3305307",881,1762,2
2023,4,"84a8847ffffffff",2,2,"MG/RJ","3124906,3304706",1244,2488,2
2023,4,"84a884bffffffff",2,2,"MG/RJ","3101508,3301207",1620,3240,2
2023,4,"84a884dffffffff",2,1,"RJ","3301405,3304607",479,958,2
2023,4,"84a8851ffffffff",2,1,"MG","3141603,3166204",459,918,2
2023,4,"84a8857ffffffff",2,1,"MG","3150802,3165701",694,1388,2
2023,4,"84a8859ffffffff",2,1,"MG","3102902,3160702",1380,2760,2
2023,4,"84a8861ffffffff",2,2,"ES/RJ","3203403,3304755",309,618,2
2023,4,"84a8863ffffffff",2,2,"ES/RJ","3200201,3300605",1073,2146,2
2023,4,"84a886bffffffff",2,2,"ES/RJ","3201100,3302205",2742,5484,2
2023,4,"84a8883ffffffff",2,1,"MG","3119104,3138104",60,120,2
2023,4,"84a8885ffffffff",2,1,"MG","3127602,3142502",185,370,2
2023,4,"84a888dffffffff",2,1,"MG","3120904,3127602",60,120,2
2023,4,"84a8891ffffffff",2,1,"MG","3109402,3136306",21,42,2
2023,4,"84a88a7ffffffff",2,1,"MG","3113503,3145455",114,228,2
2023,4,"84a88abffffffff",2,1,"MG","3109204,3121605",17,34,2
2023,4,"84a88adffffffff",2,1,"MG","3116803,3125408",231,462,2
2023,4,"84a88c1ffffffff",2,1,"MG","3149606,3167202",5989,11978,2
2023,4,"84a88c3ffffffff",2,1,"MG","3120904,3152006",83,166,2
2023,4,"84a88c9ffffffff",2,1,"MG","3140704,3147105",6198,12396,2
2023,4,"84a88d3ffffffff",2,1,"MG","3143500,3168903",27,54,2
2023,4,"84a88d5ffffffff",2,1,"MG","3125705,3152006",159,318,2
2023,4,"84a88d7ffffffff",2,1,"MG","3125705,3143500",133,266,2
2023,4,"84a88e3ffffffff",2,1,"MG","3118106,3121001",116,232,2
2023,4,"84a88e5ffffffff",2,1,"MG","3108800,3171808",846,1692,2
2023,4,"84a88e7ffffffff",2,1,"MG","3156809,3167103",468,936,2
2023,4,"84a8911ffffffff",2,1,"ES","3201506,3203205",960,1920,2
2023,4,"84a8913ffffffff",2,1,"ES","3203353,3204351",840,1680,2
2023,4,"84a8919ffffffff",2,1,"ES","3200607,3202207",2361,4722,2
2023,4,"84a891bffffffff",2,1,"ES","3201506,3204609",3278,6556,2
2023,4,"84a895bffffffff",2,1,"ES","3200409,3202603",4223,8446,2
2023,4,"84a8985ffffffff",2,2,"ES/MG","3113701,3203601",349,698,2
2023,4,"84a898dffffffff",2,2,"ES/MG","3104700,3202108",257,514,2
2023,4,"84a89a3ffffffff",2,2,"BA/MG","2916005,3157658",202,404,2
2023,4,"84a89a9ffffffff",2,2,"BA/MG","2918902,3144300",802,1604,2
2023,4,"84a89abffffffff",2,2,"BA/MG","2921104,3170305",90,180,2
2023,4,"84a89c1ffffffff",2,2,"ES/MG","3127305,3203304",284,568,2
2023,4,"84a89c3ffffffff",2,1,"MG","3141504,3144904",147,294,2
2023,4,"84a89c5ffffffff",2,2,"ES/MG","3139607,3200904",945,1890,2
2023,4,"84a89c7ffffffff",2,2,"ES/MG","3131802,3200904",799,1598,2
2023,4,"84a89c9ffffffff",2,1,"MG","3151909,3154309",571,1142,2
2023,4,"84a89cdffffffff",2,2,"ES/MG","3101102,3200805",860,1720,2
2023,4,"84a89d3ffffffff",2,1,"MG","3100609,3158201",358,716,2
2023,4,"84a89d5ffffffff",2,1,"MG","3126901,3132701",214,428,2
2023,4,"84a89e1ffffffff",2,1,"ES","3201001,3203908",656,1312,2
2023,4,"84a89e5ffffffff",2,2,"BA/ES","2922003,3201605",342,684,2
2023,4,"84a89e7ffffffff",2,2,"BA/ES","2922003,3204054",418,836,2
2023,4,"84a89e9ffffffff",2,1,"ES","3203056,3203908",1310,2620,2
2023,4,"84a8a15ffffffff",2,2,"RJ/SP","3306305,3504909",8096,16192,2
2023,4,"84a8a17ffffffff",2,2,"MG/RJ","3107208,3304201",3547,7094,2
2023,4,"84a8a1dffffffff",2,1,"RJ","3300100,3304409",2470,4940,2
2023,4,"84a8a21ffffffff",2,1,"RJ","3300209,3305505",4155,8310,2
2023,4,"84a8a23ffffffff",2,1,"RJ","3300803,3303401",867,1734,2
2023,4,"84a8a33ffffffff",2,2,"MG/RJ","3138609,3306107",447,894,2
2023,4,"84a8a35ffffffff",2,2,"MG/RJ","3116209,3306008",2875,5750,2
2023,4,"84a8a37ffffffff",2,2,"MG/RJ","3136702,3300951",12623,25246,2
2023,4,"84a8a39ffffffff",2,1,"RJ","3303500,3306206",10699,21398,2
2023,4,"84a8a3bffffffff",2,2,"MG/RJ","3159308,3300308",1988,3976,2
2023,4,"84a8a53ffffffff",2,2,"RJ/SP","3303807,3555406",178,356,2
2023,4,"84a8a83ffffffff",2,1,"MG","3126109,3130507",480,960,2
2023,4,"84a8a87ffffffff",2,1,"MG","3112000,3126109",593,1186,2
2023,4,"84a8a93ffffffff",2,1,"MG","3156908,3164308",104,208,2
2023,4,"84a8a95ffffffff",2,1,"MG","3105103,3112802",1208,2416,2
2023,4,"84a8a97ffffffff",2,1,"MG","3141306,3164308",210,420,2
2023,4,"84a8a9bffffffff",2,2,"MG/SP","3115102,3536307",857,1714,2
2023,4,"84a8aa1ffffffff",2,1,"MG","3121407,3147709",1063,2126,2
2023,4,"84a8aa7ffffffff",2,1,"MG","3155306,3162922",2452,4904,2
2023,4,"84a8aabffffffff",2,1,"MG","3114006,3159902",1070,2140,2
2023,4,"84a8ab3ffffffff",2,1,"MG","3138807,3159704",478,956,2
2023,4,"84a8ab9ffffffff",2,1,"MG","3123403,3150505",3564,7128,2
2023,4,"84a8abbffffffff",2,1,"MG","3123403,3138807",575,1150,2
2023,4,"84a8ac1ffffffff",2,1,"MG","3159605,3162005",1397,2794,2
2023,4,"84a8ac3ffffffff",2,1,"MG","3139003,3167400",882,1764,2
2023,4,"84a8ac7ffffffff",2,1,"MG","3117702,3169307",4424,8848,2
2023,4,"84a8ac9ffffffff",2,2,"MG/SP","3132404,3548609",1275,2550,2
2023,4,"84a8acdffffffff",2,2,"MG/SP","3132404,3538501",2521,5042,2
2023,4,"84a8ad3ffffffff",2,2,"MG/SP","3104106,3530508",2266,4532,2
2023,4,"84a8ad5ffffffff",2,1,"MG","3101607,3111002",3264,6528,2
2023,4,"84a8ad9ffffffff",2,2,"MG/SP","3102605,3549102",5203,10406,2
2023,4,"84a8ae3ffffffff",2,1,"MG","3138203,3144508",1291,2582,2
2023,4,"84a8ae5ffffffff",2,1,"MG","3138609,3150307",202,404,2
2023,4,"84a8ae9ffffffff",2,1,"MG","3101201,3138500",271,542,2
2023,4,"84a8aebffffffff",2,1,"MG","3120805,3138708",683,1366,2
2023,4,"84a8b13ffffffff",2,1,"RJ","3300936,3301009",287,574,2
2023,4,"84a8b17ffffffff",2,1,"RJ","3301009,3304151",6284,12568,2
2023,4,"84a8c01ffffffff",2,1,"GO","5219100,5221403",5447,10894,2
2023,4,"84a8c09ffffffff",2,1,"GO","5215702,5221908",467,934,2
2023,4,"84a8c0bffffffff",2,1,"GO","5201306,5221502",411,822,2
2023,4,"84a8c19ffffffff",2,1,"GO","5207600,5215207",152,304,2
2023,4,"84a8c1dffffffff",2,1,"GO","5213905,5219001",305,610,2
2023,4,"84a8c25ffffffff",2,2,"DF/GO","5221858,5300108",47399,94798,2
2023,4,"84a8c27ffffffff",2,2,"DF/GO","5200258,5300108",1963,3926,2
2023,4,"84a8c39ffffffff",2,1,"GO","5210562,5221700",187,374,2
2023,4,"84a8c3bffffffff",2,1,"GO","5205000,5211206",247,494,2
2023,4,"84a8c43ffffffff",2,1,"GO","5207352,5207402",333,666,2
2023,4,"84a8c47ffffffff",2,1,"GO","5206503,5209705",144,288,2
2023,4,"84a8c61ffffffff",2,1,"GO","5206305,5215306",316,632,2
2023,4,"84a8c65ffffffff",2,1,"GO","5212501,5215306",87,174,2
2023,4,"84a8c69ffffffff",2,1,"GO","5204508,5219209",105,210,2
2023,4,"84a8c6bffffffff",2,1,"GO","5203302,5217104",658,1316,2
2023,4,"84a8ca1ffffffff",2,1,"GO","5214051,5214838",32,64,2
2023,4,"84a8cadffffffff",2,1,"GO","5214051,5214838",151,302,2
2023,4,"84a8cc7ffffffff",2,2,"GO/MT","5103106,5203807",7,14,2
2023,4,"84a8cc9ffffffff",2,2,"GO/MT","5101001,5213707",20,40,2
2023,4,"84a8ce1ffffffff",2,1,"GO","5206404,5214002",204,408,2
2023,4,"84a8d03ffffffff",2,2,"GO/MG","3170404,5204003",63,126,2
2023,4,"84a8d11ffffffff",2,2,"DF/GO","5208004,5300108",3196,6392,2
2023,4,"84a8d19ffffffff",2,2,"DF/GO","5206206,5300108",3077,6154,2
2023,4,"84a8d1dffffffff",2,2,"GO/MG","3109451,5204003",17,34,2
2023,4,"84a8d31ffffffff",2,2,"GO/MG","3126208,5220702",39,78,2
2023,4,"84a8d3bffffffff",2,2,"GO/MG","3109303,5222203",14,28,2
2023,4,"84a8d51ffffffff",2,2,"GO/MG","3170404,5206206",9,18,2
2023,4,"84a8d57ffffffff",2,2,"GO/MG","3109451,5206206",43,86,2
2023,4,"84a8d59ffffffff",2,1,"GO","5206206,5210109",685,1370,2
2023,4,"84a8d5dffffffff",2,2,"GO/MG","3147006,5206206",38,76,2
2023,4,"84a8d63ffffffff",2,1,"MG","3164209,3170529",53,106,2
2023,4,"84a8d6bffffffff",2,1,"MG","3108206,3157609",79,158,2
2023,4,"84a8d91ffffffff",2,2,"GO/TO","1702000,5215256",52,104,2
2023,4,"84a8d95ffffffff",2,2,"GO/TO","1720978,5218003",28,56,2
2023,4,"84a8d9bffffffff",2,2,"GO/TO","1702000,5215256",112,224,2
2023,4,"84a8da5ffffffff",2,2,"GO/TO","1702406,5204904",244,488,2
2023,4,"84a8db9ffffffff",2,2,"GO/TO","1715754,5213772",89,178,2
2023,4,"84a8dc5ffffffff",2,1,"GO","5200175,5214606",11,22,2
2023,4,"84a8dc9ffffffff",2,1,"GO","5215603,5222302",15,30,2
2023,4,"84a8e05ffffffff",2,1,"MG","3159803,3170438",87,174,2
2023,4,"84a8e07ffffffff",2,2,"GO/MG","3159803,5220405",265,530,2
2023,4,"84a8e0dffffffff",2,1,"MG","3111101,3138625",240,480,2
2023,4,"84a8e19ffffffff",2,2,"GO/MS","5002902,5201504",481,962,2
2023,4,"84a8e21ffffffff",2,2,"GO/MG","3112604,5204250",289,578,2
2023,4,"84a8e23ffffffff",2,1,"GO","5203500,5209937",207,414,2
2023,4,"84a8e25ffffffff",2,2,"GO/MG","3115805,5211503",1013,2026,2
2023,4,"84a8e27ffffffff",2,2,"GO/MG","3109808,5211503",2229,4458,2
2023,4,"84a8e2bffffffff",2,2,"GO/MG","3159803,5209150",440,880,2
2023,4,"84a8e35ffffffff",2,1,"GO","5209101,5213004",231,462,2
2023,4,"84a8e37ffffffff",2,1,"GO","5200134,5219308",697,1394,2
2023,4,"84a8e47ffffffff",2,2,"MG/SP","3114550,3534757",382,764,2
2023,4,"84a8e49ffffffff",2,1,"SP","3529104,3552304",219,438,2
2023,4,"84a8e4dffffffff",2,1,"SP","3516903,3549201",664,1328,2
2023,4,"84a8e57ffffffff",2,2,"GO/MS","5006309,5210802",158,316,2
2023,4,"84a8e67ffffffff",2,1,"MG","3111101,3116902",324,648,2
2023,4,"84a8e6dffffffff",2,2,"MG/SP","3133402,3534203",392,784,2
2023,4,"84a8e81ffffffff",2,2,"GO/MT","5106703,5207253",23,46,2
2023,4,"84a8e8bffffffff",2,2,"GO/MT","5101209,5213103",12,24,2
2023,4,"84a8ea7ffffffff",2,1,"GO","5212204,5213707",160,320,2
2023,4,"84a8ea9ffffffff",2,1,"GO","5204409,5215652",34,68,2
2023,4,"84a8eb9ffffffff",2,2,"GO/MT","5108204,5203104",53,106,2
2023,4,"84a8ebdffffffff",2,2,"GO/MT","5101803,5203401",1733,3466,2
2023,4,"84a8ed5ffffffff",2,2,"GO/MT","5100300,5219407",309,618,2
2023,4,"84a8f03ffffffff",2,2,"GO/MG","3127909,5221304",138,276,2
2023,4,"84a8f07ffffffff",2,1,"MG","3100104,3119302",670,1340,2
2023,4,"84a8f09ffffffff",2,1,"MG","3145000,3170206",582,1164,2
2023,4,"84a8f11ffffffff",2,2,"GO/MG","3169604,5205901",163,326,2
2023,4,"84a8f17ffffffff",2,1,"GO","5204508,5210109",2627,5254,2
2023,4,"84a8f1bffffffff",2,2,"GO/MG","3169604,5203906",369,738,2
2023,4,"84a8f1dffffffff",2,2,"GO/MG","3103504,5201207",2885,5770,2
2023,4,"84a8f31ffffffff",2,2,"GO/MG","3128600,5205109",20,40,2
2023,4,"84a8f37ffffffff",2,2,"GO/MG","3147006,5206206",77,154,2
2023,4,"84a8f39ffffffff",2,2,"GO/MG","3100104,5215504",243,486,2
2023,4,"84a8f3dffffffff",2,2,"GO/MG","3171006,5205109",29,58,2
2023,4,"84a8f41ffffffff",2,2,"MG/SP","3156908,3520103",1376,2752,2
2023,4,"84a8f4bffffffff",2,2,"MG/SP","3170107,3529708",3000,6000,2
2023,4,"84a8f55ffffffff",2,1,"MG","3170107,3170206",56,112,2
2023,4,"84a8f59ffffffff",2,1,"MG","3150703,3152808",217,434,2
2023,4,"84a8f5bffffffff",2,1,"MG","3116902,3152808",618,1236,2
2023,4,"84a8f5dffffffff",2,1,"MG","3152808,3171105",115,230,2
2023,4,"84a8f61ffffffff",2,1,"MG","3129509,3155504",376,752,2
2023,4,"84a8f65ffffffff",2,1,"MG","3111507,3162104",1189,2378,2
2023,4,"84a8f69ffffffff",2,1,"MG","3141306,3168101",154,308,2
2023,4,"84a8f6dffffffff",2,1,"MG","3111507,3168200",387,774,2
2023,4,"84a9087ffffffff",2,1,"RS","4304903,4312906",1314,2628,2
2023,4,"84a908dffffffff",2,1,"RS","4302105,4306809",2222,4444,2
2023,4,"84a909bffffffff",2,1,"RS","4313904,4316709",1011,2022,2
2023,4,"84a90a3ffffffff",2,1,"RS","4304622,4307401",84,168,2
2023,4,"84a90a5ffffffff",2,2,"RS/SC","4209300,4322509",13,26,2
2023,4,"84a90abffffffff",2,1,"RS","4309902,4312617",41,82,2
2023,4,"84a90b7ffffffff",2,2,"RS/SC","4213104,4311908",647,1294,2
2023,4,"84a90c1ffffffff",2,1,"RS","4308805,4321303",465,930,2
2023,4,"84a90c5ffffffff",2,1,"RS","4318408,4320859",1012,2024,2
2023,4,"84a90c9ffffffff",2,1,"RS","4312252,4313953",284,568,2
2023,4,"84a90d1ffffffff",2,1,"RS","4314472,4320701",599,1198,2
2023,4,"84a90d5ffffffff",2,1,"RS","4302006,4309571",228,456,2
2023,4,"84a90d7ffffffff",2,1,"RS","4304101,4322152",139,278,2
2023,4,"84a90ddffffffff",2,1,"RS","4304200,4305132",557,1114,2
2023,4,"84a90e1ffffffff",2,1,"RS","4303905,4314423",7536,15072,2
2023,4,"84a90e5ffffffff",2,1,"RS","4318200,4321709",1735,3470,2
2023,4,"84a9187ffffffff",2,1,"SC","4207205,4207304",1911,3822,2
2023,4,"84a9195ffffffff",2,1,"SC","4206108,4218905",242,484,2
2023,4,"84a919dffffffff",2,1,"SC","4202503,4209607",106,212,2
2023,4,"84a91b3ffffffff",2,1,"SC","4200903,4219200",583,1166,2
2023,4,"84a91b7ffffffff",2,1,"SC","4202305,4218004",4596,9192,2
2023,4,"84a91b9ffffffff",2,1,"SC","4214904,4215901",345,690,2
2023,4,"84a91d1ffffffff",2,2,"RS/SC","4208708,4303608",582,1164,2
2023,4,"84a91d7ffffffff",2,2,"RS/SC","4210803,4318622",289,578,2
2023,4,"84a91d9ffffffff",2,1,"RS","4312443,4318200",533,1066,2
2023,4,"84a91ddffffffff",2,2,"RS/SC","4216404,4321667",1750,3500,2
2023,4,"84a92adffffffff",2,1,"RS","4306056,4318804",129,258,2
2023,4,"84a92bdffffffff",2,1,"RS","4303004,4306908",22,44,2
2023,4,"84a9521ffffffff",2,2,"PR/SC","4115408,4216909",1422,2844,2
2023,4,"84a9525ffffffff",2,2,"PR/SC","4118501,4209177",3539,7078,2
2023,4,"84a952bffffffff",2,2,"PR/SC","4122800,4216701",945,1890,2
2023,4,"84a953dffffffff",2,2,"PR/SC","4124400,4205001",1168,2336,2
2023,4,"84a9545ffffffff",2,1,"RS","4304002,4306429",277,554,2
2023,4,"84a9563ffffffff",2,2,"RS/SC","4212106,4310504",1023,2046,2
2023,4,"84a9565ffffffff",2,2,"RS/SC","4204202,4308052",2062,4124,2
2023,4,"84a9721ffffffff",2,1,"RS","4302220,4307831",123,246,2
2023,4,"84a972bffffffff",2,1,"RS","4304655,4319158",102,204,2
2013,5,"8581816bfffffff",3,2,"PB/PE","2509909,2517001,2609709",56,168,3
2013,5,"8581aec7fffffff",3,2,"AL/SE","2705903,2707503,2805703",299,897,3
2013,5,"85a88403fffffff",3,2,"MG/RJ","3124609,3301108,3304706",226,678,3
2013,5,"85a8a30ffffffff",3,2,"MG/RJ","3106101,3303708,3304508",16,48,3
2013,5,"85a8aa7bfffffff",3,1,"MG","3106408,3108107,3109006",20,60,3
2013,5,"85a8ad0bfffffff",3,2,"MG/SP","3108404,3109501,3508702",144,432,3
2013,5,"85a8ad37fffffff",3,2,"MG/SP","3104106,3510906,3530508",119,357,3
2013,5,"85a8c21bfffffff",3,2,"DF/GO","5200308,5219753,5300108",39,117,3
2013,5,"85a90ea7fffffff",3,1,"RS","4304804,4314753,4316501",57,171,3
2013,5,"858001c7fffffff",2,2,"MA/PI","2103901,2206209",60,120,2
2013,5,"85800317fffffff",2,2,"MA/PI","2106300,2205409",67,134,2
2013,5,"85800363fffffff",2,2,"MA/PI","2100907,2207702",1646,3292,2
2013,5,"858003a3fffffff",2,2,"MA/PI","2110609,2205805",173,346,2
2013,5,"858003b7fffffff",2,2,"MA/PI","2110104,2205854",47,94,2
2013,5,"8580050bfffffff",2,2,"MA/PI","2112209,2211001",114,228,2
2013,5,"85800557fffffff",2,2,"MA/PI","2112209,2211001",12686,25372,2
2013,5,"8580160ffffffff",2,1,"CE","2302206,2304459",15,30,2
2013,5,"85801673fffffff",2,1,"CE","2302206,2304459",9,18,2
2013,5,"85801cbbfffffff",2,2,"CE/PI","2202083,2302057",10,20,2
2013,5,"85802257fffffff",2,1,"PI","2204808,2209955",35,70,2
2013,5,"85802357fffffff",2,2,"MA/PI","2110906,2200509",95,190,2
2013,5,"8580239bfffffff",2,2,"MA/PI","2101509,2203909",926,1852,2
2013,5,"858032c3fffffff",2,2,"CE/PB","2301802,2513307",29,58,2
2013,5,"858032d3fffffff",2,2,"CE/PB","2305704,2502201",61,122,2
2013,5,"8580468bfffffff",2,1,"PA","1502400,1507003",72,144,2
2013,5,"8580650ffffffff",2,1,"PA","1500859,1505486",45,90,2
2013,5,"858068a3fffffff",2,2,"AP/PA","1500503,1600279",251,502,2
2013,5,"8581108bfffffff",2,1,"BA","2908200,2911600",233,466,2
2013,5,"858110cffffffff",2,1,"BA","2901106,2928604",583,1166,2
2013,5,"85811223fffffff",2,1,"BA","2916500,2923100",107,214,2
2013,5,"85811243fffffff",2,2,"BA/SE","2802809,2917904",37,74,2
2013,5,"85811267fffffff",2,2,"BA/SE","2807402,2916500",524,1048,2
2013,5,"8581126bfffffff",2,1,"SE","2805109,2805802",76,152,2
2013,5,"85811487fffffff",2,1,"BA","2922607,2933505",71,142,2
2013,5,"85811497fffffff",2,1,"BA","2911204,2913457",11,22,2
2013,5,"858114bbfffffff",2,1,"BA","2925758,2931608",123,246,2
2013,5,"8581186bfffffff",2,2,"BA/PE","2611101,2907202",47,94,2
2013,5,"85811a0ffffffff",2,2,"BA/PE","2608750,2918407",56,112,2
2013,5,"85811a6bfffffff",2,2,"BA/PE","2612604,2909901",131,262,2
2013,5,"85811a73fffffff",2,2,"BA/PE","2612604,2909901",92,184,2
2013,5,"85811aa3fffffff",2,2,"BA/PE","2611101,2918407",5883,11766,2
2013,5,"85811aabfffffff",2,2,"BA/PE","2611101,2918407",68,136,2
2013,5,"85811ab7fffffff",2,2,"BA/PE","2611101,2918407",24,48,2
2013,5,"85812987fffffff",2,2,"GO/TO","1715150,5204904",20,40,2
2013,5,"8581300bfffffff",2,1,"BA","2910909,2917102",36,72,2
2013,5,"85813063fffffff",2,1,"BA","2912301,2913507",7,14,2
2013,5,"858130cffffffff",2,1,"BA","2915403,2916401",15,30,2
2013,5,"85813223fffffff",2,1,"BA","2905800,2912707",71,142,2
2013,5,"8581322bfffffff",2,1,"BA","2905800,2920700",10,20,2
2013,5,"8581322ffffffff",2,1,"BA","2905800,2912707",38,76,2
2013,5,"85813233fffffff",2,1,"BA","2911501,2932200",270,540,2
2013,5,"85813237fffffff",2,1,"BA","2912707,2932309",190,380,2
2013,5,"8581326ffffffff",2,1,"BA","2905800,2920700",36,72,2
2013,5,"858133dbfffffff",2,1,"BA","2902401,2911501",11,22,2
2013,5,"8581342bfffffff",2,2,"BA/MG","2920007,3136504",14,28,2
2013,5,"85813477fffffff",2,2,"BA/MG","2916807,3136504",116,232,2
2013,5,"8581351bfffffff",2,2,"BA/MG","2910404,3122454",45,90,2
2013,5,"85813553fffffff",2,2,"BA/MG","2910404,3140555",64,128,2
2013,5,"858151abfffffff",2,2,"MA/TO","1707702,2102804",165,330,2
2013,5,"8581524bfffffff",2,2,"MA/PI","2101806,2211209",234,468,2
2013,5,"85815457fffffff",2,2,"MA/PI","2100501,2209203",34,68,2
2013,5,"85815877fffffff",2,2,"MA/TO","1720309,2112852",31,62,2
2013,5,"85815b5bfffffff",2,2,"MA/PA","1502939,2105427",136,272,2
2013,5,"85815c23fffffff",2,2,"PA/TO","1507458,1722107",192,384,2
2013,5,"85815caffffffff",2,2,"PA/TO","1505635,1702158",24,48,2
2013,5,"85815e87fffffff",2,2,"MA/TO","1700301,2104057",292,584,2
2013,5,"85815ebbfffffff",2,2,"MA/TO","1721208,2109007",285,570,2
2013,5,"858164dbfffffff",2,2,"GO/TO","1702000,5220207",9,18,2
2013,5,"858180bbfffffff",2,2,"AL/PE","2601409,2704500",408,816,2
2013,5,"8581810ffffffff",2,1,"PE","2605806,2611705",81,162,2
2013,5,"8581813bfffffff",2,1,"PE","2615003,2616209",91,182,2
2013,5,"85818147fffffff",2,1,"PE","2604908,2612109",135,270,2
2013,5,"85818177fffffff",2,2,"PB/PE","2513158,2616183",62,124,2
2013,5,"8581819bfffffff",2,1,"PE","2601508,2610202",267,534,2
2013,5,"858181c3fffffff",2,1,"PE","2602308,2604809",218,436,2
2013,5,"858181d7fffffff",2,1,"PE","2602308,2604205",26,52,2
2013,5,"85818303fffffff",2,2,"PB/PE","2503001,2606200",185,370,2
2013,5,"85818307fffffff",2,2,"PB/PE","2511202,2607653",296,592,2
2013,5,"85818333fffffff",2,2,"PB/PE","2511202,2607653",300,600,2
2013,5,"85818533fffffff",2,2,"AL/PE","2604700,2708105",24,48,2
2013,5,"85818567fffffff",2,1,"PE","2611507,2612901",87,174,2
2013,5,"8581856bfffffff",2,2,"AL/PE","2616506,2701357",45,90,2
2013,5,"85818587fffffff",2,1,"AL","2700201,2704807",205,410,2
2013,5,"858185a3fffffff",2,1,"AL","2704906,2706604",45,90,2
2013,5,"858185bbfffffff",2,1,"AL","2704807,2707008",23,46,2
2013,5,"858188a3fffffff",2,2,"PB/RN","2405603,2513901",327,654,2
2013,5,"858188d3fffffff",2,2,"PB/RN","2403400,2516755",17,34,2
2013,5,"858188d7fffffff",2,2,"PB/RN","2411429,2514701",36,72,2
2013,5,"858189b3fffffff",2,2,"CE/RN","2310803,2403202",46,92,2
2013,5,"85818b4bfffffff",2,1,"RN","2404101,2404507",92,184,2
2013,5,"85818b5bfffffff",2,1,"RN","2404507,2409704",44,88,2
2013,5,"85818c63fffffff",2,1,"PB","2513000,2516508",44,88,2
2013,5,"85818c6ffffffff",2,2,"PB/RN","2403400,2507804",52,104,2
2013,5,"85818d67fffffff",2,2,"PB/RN","2400505,2502300",66,132,2
2013,5,"85818ddbfffffff",2,2,"PB/PE","2506707,2612802",55,110,2
2013,5,"85818e0bfffffff",2,1,"PB","2500908,2512705",111,222,2
2013,5,"85818e2ffffffff",2,2,"PB/RN","2405009,2505105",204,408,2
2013,5,"85818e57fffffff",2,1,"PB","2500502,2501104",207,414,2
2013,5,"85818e6bfffffff",2,2,"PB/RN","2409100,2516409",84,168,2
2013,5,"85818ecffffffff",2,1,"PB","2507606,2515807",35,70,2
2013,5,"85819db7fffffff",2,2,"PB/RN","2408300,2503605",234,468,2
2013,5,"8581a123fffffff",2,1,"SE","2800506,2805901",126,252,2
2013,5,"8581a1a3fffffff",2,1,"SE","2802106,2806206",24,48,2
2013,5,"8581a1affffffff",2,1,"SE","2803203,2806206",41,82,2
2013,5,"8581a3affffffff",2,2,"AL/SE","2706802,2800704",39,78,2
2013,5,"8581a817fffffff",2,2,"AL/BA","2702405,2924009",886,1772,2
2013,5,"8581a8c3fffffff",2,2,"AL/SE","2707107,2801207",122,244,2
2013,5,"8581ab63fffffff",2,2,"PB/PE","2516607,2611533",30,60,2
2013,5,"8581ab6bfffffff",2,2,"PB/PE","2516607,2614402",18,36,2
2013,5,"8581ab77fffffff",2,2,"PB/PE","2512309,2605608",135,270,2
2013,5,"8581acc7fffffff",2,2,"BA/SE","2807105,2923803",310,620,2
2013,5,"8581ae13fffffff",2,2,"AL/SE","2708204,2804706",54,108,2
2013,5,"8581ae4bfffffff",2,1,"AL","2701407,2704005",82,164,2
2013,5,"8581aeabfffffff",2,2,"AL/SE","2700904,2805604",80,160,2
2013,5,"8581aec3fffffff",2,2,"AL/SE","2703205,2806404",22,44,2
2013,5,"8581aedbfffffff",2,2,"AL/SE","2706703,2804409",611,1222,2
2013,5,"858a8e47fffffff",2,2,"AM/PA","1303007,1503002",26,52,2
2013,5,"858b492ffffffff",2,2,"AC/AM","1200203,1301654",128,256,2
2013,5,"858b5e9bfffffff",2,2,"AC/AM","1200807,1300706",15,30,2
2013,5,"85a80047fffffff",2,2,"PR/SP","3523206,4126306",13,26,2
2013,5,"85a80063fffffff",2,2,"PR/SP","3505005,4124004",74,148,2
2013,5,"85a800dbfffffff",2,1,"PR","4126306,4128633",33,66,2
2013,5,"85a801d3fffffff",2,1,"PR","4107009,4126207",71,142,2
2013,5,"85a80267fffffff",2,1,"SP","3504503,3523503",23,46,2
2013,5,"85a80277fffffff",2,1,"SP","3523503,3535804",19,38,2
2013,5,"85a80307fffffff",2,2,"PR/SP","3534708,4111803",2097,4194,2
2013,5,"85a80313fffffff",2,2,"PR/SP","3557204,4121802",232,464,2
2013,5,"85a80317fffffff",2,2,"PR/SP","3534708,4111803",331,662,2
2013,5,"85a80347fffffff",2,1,"SP","3533809,3546405",20,40,2
2013,5,"85a80353fffffff",2,1,"SP","3528601,3538808",12,24,2
2013,5,"85a80357fffffff",2,1,"SP","3506300,3533809",205,410,2
2013,5,"85a80367fffffff",2,1,"SP","3501509,3555505",28,56,2
2013,5,"85a803abfffffff",2,2,"PR/SP","3534708,4103602",525,1050,2
2013,5,"85a803affffffff",2,2,"PR/SP","3535309,4103602",38,76,2
2013,5,"85a803c7fffffff",2,2,"PR/SP","3554607,4121802",44,88,2
2013,5,"85a803d3fffffff",2,1,"SP","3515400,3553005",250,500,2
2013,5,"85a803d7fffffff",2,2,"PR/SP","3515400,4104709",30,60,2
2013,5,"85a803dbfffffff",2,1,"SP","3553005,3554201",58,116,2
2013,5,"85a8049bfffffff",2,1,"PR","4102307,4120101",58,116,2
2013,5,"85a8052ffffffff",2,1,"PR","4107603,4117305",12,24,2
2013,5,"85a806abfffffff",2,2,"PR/SP","3542800,4100202",67,134,2
2013,5,"85a808affffffff",2,2,"MS/SP","3541307,5001904",12,24,2
2013,5,"85a80a93fffffff",2,1,"SP","3534609,3536000",676,1352,2
2013,5,"85a80aa3fffffff",2,1,"SP","3516002,3526506",21,42,2
2013,5,"85a80ac3fffffff",2,1,"SP","3503356,3548401",75,150,2
2013,5,"85a80adbfffffff",2,1,"SP","3527702,3541802",30,60,2
2013,5,"85a80c23fffffff",2,2,"PR/SP","3554300,4112603",335,670,2
2013,5,"85a80cd7fffffff",2,1,"PR","4102109,4119657",552,1104,2
2013,5,"85a80d83fffffff",2,2,"PR/SP","3544251,4107108",120,240,2
2013,5,"85a80e83fffffff",2,2,"PR/SP","3528809,4126405",10,20,2
2013,5,"85a80e8ffffffff",2,1,"SP","3528809,3542206",27,54,2
2013,5,"85a80e9bfffffff",2,2,"PR/SP","3537156,4126405",78,156,2
2013,5,"85a8102ffffffff",2,1,"SP","3509205,3525904",7559,15118,2
2013,5,"85a81033fffffff",2,1,"SP","3502754,3505708",9183,18366,2
2013,5,"85a81037fffffff",2,1,"SP","3539103,3550605",607,1214,2
2013,5,"85a81067fffffff",2,1,"SP","3504107,3528502",851,1702,2
2013,5,"85a8106bfffffff",2,1,"SP","3532405,3546801",16,32,2
2013,5,"85a810a3fffffff",2,1,"SP","3513009,3519709",78,156,2
2013,5,"85a810affffffff",2,1,"SP","3513009,3550605",946,1892,2
2013,5,"85a810b3fffffff",2,1,"SP","3519709,3526209",235,470,2
2013,5,"85a81107fffffff",2,1,"SP","3525854,3526407",628,1256,2
2013,5,"85a8110ffffffff",2,1,"SP","3545159,3554508",53,106,2
2013,5,"85a81117fffffff",2,1,"SP","3511508,3526407",663,1326,2
2013,5,"85a8113bfffffff",2,1,"SP","3545159,3554508",17,34,2
2013,5,"85a81153fffffff",2,1,"SP","3508405,3545209",1604,3208,2
2013,5,"85a81157fffffff",2,1,"SP","3514908,3545209",1187,2374,2
2013,5,"85a811abfffffff",2,1,"SP","3526407,3537503",121,242,2
2013,5,"85a811b7fffffff",2,1,"SP","3506904,3554656",33,66,2
2013,5,"85a81287fffffff",2,1,"SP","3545001,3546009",180,360,2
2013,5,"85a812a7fffffff",2,1,"SP","3520202,3546801",133,266,2
2013,5,"85a812b3fffffff",2,1,"SP","3518305,3524402",438,876,2
2013,5,"85a8130ffffffff",2,2,"MG/SP","3143401,3500501",1631,3262,2
2013,5,"85a8131bfffffff",2,2,"MG/SP","3169109,3536802",87,174,2
2013,5,"85a8132bfffffff",2,2,"MG/SP","3134905,3515186",521,1042,2
2013,5,"85a813c7fffffff",2,2,"MG/SP","3125101,3556354",221,442,2
2013,5,"85a8154bfffffff",2,1,"SP","3526209,3529906",7,14,2
2013,5,"85a81807fffffff",2,1,"SP","3522703,3545605",66,132,2
2013,5,"85a8180ffffffff",2,1,"SP","3510104,3515608",122,244,2
2013,5,"85a81847fffffff",2,1,"SP","3524303,3553708",540,1080,2
2013,5,"85a81857fffffff",2,1,"SP","3514007,3546504",159,318,2
2013,5,"85a8185bfffffff",2,1,"SP","3518859,3532058",202,404,2
2013,5,"85a81867fffffff",2,1,"SP","3506102,3539004",223,446,2
2013,5,"85a81877fffffff",2,1,"SP","3531308,3556909",138,276,2
2013,5,"85a81897fffffff",2,1,"SP","3519105,3519600",134,268,2
2013,5,"85a8194bfffffff",2,1,"SP","3517505,3533908",31,62,2
2013,5,"85a81983fffffff",2,1,"SP","3505104,3555356",9,18,2
2013,5,"85a81a43fffffff",2,2,"MG/SP","3164704,3547908",112,224,2
2013,5,"85a81a4ffffffff",2,2,"MG/SP","3165107,3536307",136,272,2
2013,5,"85a81a53fffffff",2,2,"MG/SP","3132909,3547908",163,326,2
2013,5,"85a81adbfffffff",2,1,"SP","3509403,3530508",135,270,2
2013,5,"85a81b3bfffffff",2,2,"MG/SP","3151602,3512100",213,426,2
2013,5,"85a81b93fffffff",2,1,"SP","3509304,3514957",154,308,2
2013,5,"85a81b97fffffff",2,1,"SP","3533908,3552601",20,40,2
2013,5,"85a81ba7fffffff",2,2,"MG/SP","3127008,3519808",82,164,2
2013,5,"85a81bb3fffffff",2,1,"SP","3500907,3533908",17,34,2
2013,5,"85a81c53fffffff",2,1,"SP","3514106,3547007",9,18,2
2013,5,"85a81c6bfffffff",2,1,"SP","3506805,3514304",238,476,2
2013,5,"85a81c93fffffff",2,1,"SP","3504503,3523503",1135,2270,2
2013,5,"85a81d03fffffff",2,1,"SP","3508801,3525805",7,14,2
2013,5,"85a81d07fffffff",2,1,"SP","3508801,3517307",63,126,2
2013,5,"85a81d6ffffffff",2,1,"SP","3544608,3544806",52,104,2
2013,5,"85a81e2bfffffff",2,1,"SP","3527603,3548906",15,30,2
2013,5,"85a81e2ffffffff",2,1,"SP","3518859,3543709",8,16,2
2013,5,"85a81e6bfffffff",2,1,"SP","3547601,3553302",69,138,2
2013,5,"85a81e7bfffffff",2,1,"SP","3547502,3553302",408,816,2
2013,5,"85a81e83fffffff",2,1,"SP","3521101,3523602",130,260,2
2013,5,"85a81e87fffffff",2,1,"SP","3507902,3523602",33,66,2
2013,5,"85a81e97fffffff",2,1,"SP","3507902,3550407",556,1112,2
2013,5,"85a81eb7fffffff",2,1,"SP","3507902,3514304",20,40,2
2013,5,"85a81ebbfffffff",2,1,"SP","3507902,3523602",15,30,2
2013,5,"85a8203bfffffff",2,2,"PR/SC","4128203,4213609",1394,2788,2
2013,5,"85a82077fffffff",2,2,"PR/SC","4118600,4207908",36,72,2
2013,5,"85a82203fffffff",2,2,"PR/SC","4122305,4210100",1265,2530,2
2013,5,"85a82367fffffff",2,1,"PR","4108957,4111407",28,56,2
2013,5,"85a8252ffffffff",2,2,"PR/SC","4105706,4200101",19,38,2
2013,5,"85a8255bfffffff",2,1,"SC","4201604,4218509",384,768,2
2013,5,"85a82563fffffff",2,2,"PR/SC","4117602,4200408",11,22,2
2013,5,"85a82583fffffff",2,2,"RS/SC","4204301,4312005",38,76,2
2013,5,"85a82597fffffff",2,2,"RS/SC","4208005,4300901",195,390,2
2013,5,"85a828affffffff",2,1,"PR","4100707,4108205",18,36,2
2013,5,"85a8299bfffffff",2,1,"PR","4108320,4117909",19,38,2
2013,5,"85a82a07fffffff",2,1,"PR","4107702,4125803",6,12,2
2013,5,"85a82a63fffffff",2,1,"PR","4112108,4114203",1304,2608,2
2013,5,"85a82a93fffffff",2,1,"PR","4110805,4117271",111,222,2
2013,5,"85a82e63fffffff",2,1,"PR","4114500,4119608",183,366,2
2013,5,"85a82e97fffffff",2,1,"PR","4104451,4128658",229,458,2
2013,5,"85a8318bfffffff",2,2,"PR/SC","4109609,4205803",43,86,2
2013,5,"85a83503fffffff",2,1,"SC","4210001,4216354",97,194,2
2013,5,"85a8350bfffffff",2,1,"SC","4201307,4202107",473,946,2
2013,5,"85a83517fffffff",2,1,"SC","4210001,4210605",221,442,2
2013,5,"85a835abfffffff",2,1,"SC","4210605,4213203",372,744,2
2013,5,"85a84243fffffff",2,1,"MS","5001102,5007406",7,14,2
2013,5,"85a8461bfffffff",2,1,"MS","5001102,5003488",8,16,2
2013,5,"85a88043fffffff",2,2,"ES/MG","3112109,3202009",123,246,2
2013,5,"85a88053fffffff",2,2,"ES/MG","3110103,3202009",394,788,2
2013,5,"85a8806ffffffff",2,1,"MG","3139409,3171154",18,36,2
2013,5,"85a880c3fffffff",2,2,"MG/RJ","3169208,3304102",319,638,2
2013,5,"85a880cbfffffff",2,2,"MG/RJ","3169208,3306156",100,200,2
2013,5,"85a8810ffffffff",2,1,"MG","3157203,3161908",598,1196,2
2013,5,"85a8811bfffffff",2,1,"MG","3102308,3140001",11,22,2
2013,5,"85a88157fffffff",2,1,"MG","3102308,3155702",167,334,2
2013,5,"85a88177fffffff",2,1,"MG","3131703,3161908",23,46,2
2013,5,"85a88193fffffff",2,1,"MG","3115409,3146107",63,126,2
2013,5,"85a881d7fffffff",2,1,"MG","3121704,3140001",25,50,2
2013,5,"85a8820ffffffff",2,2,"ES/MG","3101102,3200102",8,16,2
2013,5,"85a88217fffffff",2,2,"ES/MG","3137700,3203700",13,26,2
2013,5,"85a8824ffffffff",2,1,"ES","3202702,3202900",86,172,2
2013,5,"85a882a3fffffff",2,2,"ES/MG","3137700,3203007",37,74,2
2013,5,"85a882b3fffffff",2,2,"ES/MG","3140530,3203007",8,16,2
2013,5,"85a88347fffffff",2,1,"MG","3122504,3168408",92,184,2
2013,5,"85a88363fffffff",2,1,"MG","3125804,3149952",57,114,2
2013,5,"85a88373fffffff",2,1,"MG","3162609,3168408",97,194,2
2013,5,"85a88393fffffff",2,1,"MG","3154002,3164001",289,578,2
2013,5,"85a8840ffffffff",2,2,"MG/RJ","3154101,3304706",20,40,2
2013,5,"85a88417fffffff",2,2,"MG/RJ","3172103,3301207",86,172,2
2013,5,"85a8841bfffffff",2,1,"RJ","3301108,3302106",17,34,2
2013,5,"85a884b3fffffff",2,2,"MG/RJ","3101508,3305406",7,14,2
2013,5,"85a884bbfffffff",2,2,"MG/RJ","3101508,3301207",818,1636,2
2013,5,"85a884d3fffffff",2,1,"RJ","3302403,3305901",16,32,2
2013,5,"85a884dbfffffff",2,1,"RJ","3301405,3304607",233,466,2
2013,5,"85a88503fffffff",2,1,"MG","3121506,3141603",96,192,2
2013,5,"85a88563fffffff",2,1,"MG","3153103,3166006",78,156,2
2013,5,"85a88637fffffff",2,2,"ES/RJ","3204807,3300605",28,56,2
2013,5,"85a886abfffffff",2,2,"ES/RJ","3201100,3300605",748,1496,2
2013,5,"85a88903fffffff",2,1,"MG","3109402,3136306",9,18,2
2013,5,"85a889d7fffffff",2,1,"MG","3161700,3169356",538,1076,2
2013,5,"85a88c07fffffff",2,1,"MG","3126406,3146909",19,38,2
2013,5,"85a88c17fffffff",2,1,"MG","3126406,3139706",19,38,2
2013,5,"85a88c23fffffff",2,1,"MG","3120904,3152006",12,24,2
2013,5,"85a88c83fffffff",2,1,"MG","3126000,3147105",2088,4176,2
2013,5,"85a88c8bfffffff",2,1,"MG","3124104,3147105",38,76,2
2013,5,"85a88e1bfffffff",2,1,"MG","3113800,3122603",51,102,2
2013,5,"85a88e5bfffffff",2,1,"MG","3108800,3128006",10,20,2
2013,5,"85a88ecffffffff",2,1,"MG","3113800,3123106",29,58,2
2013,5,"85a88ed3fffffff",2,1,"MG","3103009,3158003",143,286,2
2013,5,"85a8912bfffffff",2,1,"ES","3202256,3204351",41,82,2
2013,5,"85a89133fffffff",2,1,"ES","3203205,3203353",186,372,2
2013,5,"85a89183fffffff",2,1,"ES","3200607,3202207",256,512,2
2013,5,"85a8919bfffffff",2,1,"ES","3200607,3205002",201,402,2
2013,5,"85a891b3fffffff",2,1,"ES","3204609,3204955",173,346,2
2013,5,"85a895b3fffffff",2,1,"ES","3202801,3204203",510,1020,2
2013,5,"85a8985bfffffff",2,2,"ES/MG","3113701,3203601",12,24,2
2013,5,"85a898d7fffffff",2,2,"ES/MG","3104700,3202108",16,32,2
2013,5,"85a89a23fffffff",2,2,"BA/MG","2916005,3106606",8,16,2
2013,5,"85a89a2ffffffff",2,2,"BA/MG","2916005,3106606",10,20,2
2013,5,"85a89a8ffffffff",2,2,"BA/MG","2918902,3166709",35,70,2
2013,5,"85a89a9bfffffff",2,2,"BA/MG","2922003,3166709",64,128,2
2013,5,"85a89c0bfffffff",2,2,"ES/MG","3120839,3203304",125,250,2
2013,5,"85a89c1bfffffff",2,2,"ES/MG","3120839,3200359",15,30,2
2013,5,"85a89c2ffffffff",2,1,"MG","3144904,3161056",19,38,2
2013,5,"85a89c47fffffff",2,2,"ES/MG","3139607,3200904",397,794,2
2013,5,"85a89c6ffffffff",2,2,"ES/MG","3144672,3200169",22,44,2
2013,5,"85a89c7bfffffff",2,2,"ES/MG","3139607,3200904",287,574,2
2013,5,"85a89c93fffffff",2,1,"MG","3101102,3151909",10,20,2
2013,5,"85a89cc3fffffff",2,2,"ES/MG","3154309,3200805",13,26,2
2013,5,"85a89cd3fffffff",2,2,"ES/MG","3101102,3200805",646,1292,2
2013,5,"85a89e17fffffff",2,1,"ES","3201001,3203908",219,438,2
2013,5,"85a89e2ffffffff",2,2,"ES/MG","3144300,3203601",37,74,2
2013,5,"85a89e63fffffff",2,2,"BA/ES","2922003,3204054",36,72,2
2013,5,"85a89e67fffffff",2,2,"BA/ES","2922003,3204054",21,42,2
2013,5,"85a89e8ffffffff",2,1,"ES","3203908,3204906",691,1382,2
2013,5,"85a89e9bfffffff",2,1,"ES","3203056,3205176",29,58,2
2013,5,"85a8a10ffffffff",2,2,"RJ/SP","3304201,3503158",8,16,2
2013,5,"85a8a137fffffff",2,2,"MG/SP","3147600,3513405",351,702,2
2013,5,"85a8a147fffffff",2,2,"RJ/SP","3300407,3504909",2393,4786,2
2013,5,"85a8a157fffffff",2,2,"RJ/SP","3304409,3504909",85,170,2
2013,5,"85a8a167fffffff",2,2,"MG/RJ","3107208,3304201",29,58,2
2013,5,"85a8a16bfffffff",2,2,"MG/RJ","3147808,3304128",23,46,2
2013,5,"85a8a197fffffff",2,2,"RJ/SP","3303807,3513603",44,88,2
2013,5,"85a8a1cffffffff",2,1,"RJ","3300100,3304409",45,90,2
2013,5,"85a8a203fffffff",2,1,"RJ","3300209,3305505",118,236,2
2013,5,"85a8a213fffffff",2,1,"RJ","3300209,3305505",883,1766,2
2013,5,"85a8a263fffffff",2,1,"RJ","3301306,3303401",198,396,2
2013,5,"85a8a26ffffffff",2,1,"RJ","3300506,3302403",11,22,2
2013,5,"85a8a273fffffff",2,1,"RJ","3301306,3305604",54,108,2
2013,5,"85a8a31bfffffff",2,1,"RJ","3303906,3306206",17,34,2
2013,5,"85a8a333fffffff",2,2,"MG/RJ","3155900,3306107",94,188,2
2013,5,"85a8a347fffffff",2,2,"MG/RJ","3116209,3306008",1580,3160,2
2013,5,"85a8a34ffffffff",2,2,"MG/RJ","3116209,3305406",126,252,2
2013,5,"85a8a373fffffff",2,2,"MG/RJ","3167509,3300951",67,134,2
2013,5,"85a8a387fffffff",2,1,"RJ","3302809,3303609",415,830,2
2013,5,"85a8a38bfffffff",2,1,"RJ","3301702,3302908",85,170,2
2013,5,"85a8a3a7fffffff",2,2,"MG/RJ","3159308,3306107",82,164,2
2013,5,"85a8a3affffffff",2,2,"MG/RJ","3155900,3306107",21,42,2
2013,5,"85a8a3c3fffffff",2,1,"RJ","3302502,3303906",5256,10512,2
2013,5,"85a8a3c7fffffff",2,1,"RJ","3302908,3303906",314,628,2
2013,5,"85a8a3cbfffffff",2,1,"RJ","3301850,3305802",3096,6192,2
2013,5,"85a8a86bfffffff",2,1,"MG","3110400,3112000",22,44,2
2013,5,"85a8a9a7fffffff",2,2,"MG/SP","3129707,3516200",243,486,2
2013,5,"85a8a9b7fffffff",2,2,"MG/SP","3112406,3536307",159,318,2
2013,5,"85a8aa47fffffff",2,1,"MG","3106408,3150406",7,14,2
2013,5,"85a8aa4ffffffff",2,1,"MG","3106408,3142304",109,218,2
2013,5,"85a8aa63fffffff",2,1,"MG","3109006,3155306",46,92,2
2013,5,"85a8aa67fffffff",2,1,"MG","3133709,3140704",41,82,2
2013,5,"85a8aa83fffffff",2,1,"MG","3108008,3165008",7,14,2
2013,5,"85a8aa87fffffff",2,1,"MG","3145604,3159902",19,38,2
2013,5,"85a8aab3fffffff",2,1,"MG","3145604,3159902",18,36,2
2013,5,"85a8ab87fffffff",2,1,"MG","3123403,3146503",38,76,2
2013,5,"85a8abb3fffffff",2,1,"MG","3105103,3123403",17,34,2
2013,5,"85a8ac0ffffffff",2,1,"MG","3129202,3162005",85,170,2
2013,5,"85a8ac23fffffff",2,1,"MG","3114709,3169802",83,166,2
2013,5,"85a8ac3bfffffff",2,1,"MG","3113602,3162005",52,104,2
2013,5,"85a8ac73fffffff",2,1,"MG","3110905,3137809",370,740,2
2013,5,"85a8ac7bfffffff",2,1,"MG","3117702,3169307",215,430,2
2013,5,"85a8ac93fffffff",2,2,"MG/SP","3165404,3548609",180,360,2
2013,5,"85a8ad03fffffff",2,2,"MG/SP","3108404,3508702",168,336,2
2013,5,"85a8ad13fffffff",2,2,"MG/SP","3151800,3513900",3838,7676,2
2013,5,"85a8ad33fffffff",2,2,"MG/SP","3104106,3530508",48,96,2
2013,5,"85a8ad53fffffff",2,1,"MG","3111002,3166907",26,52,2
2013,5,"85a8ad57fffffff",2,1,"MG","3108404,3122405",28,56,2
2013,5,"85a8ad8ffffffff",2,2,"MG/SP","3151800,3500402",36,72,2
2013,5,"85a8ad93fffffff",2,2,"MG/SP","3102605,3515186",460,920,2
2013,5,"85a8ae07fffffff",2,1,"MG","3114600,3141900",16,32,2
2013,5,"85a8ae0bfffffff",2,1,"MG","3102803,3139102",18,36,2
2013,5,"85a8ae0ffffffff",2,1,"MG","3114600,3139102",12,24,2
2013,5,"85a8ae13fffffff",2,1,"MG","3102803,3167004",30,60,2
2013,5,"85a8ae17fffffff",2,1,"MG","3141900,3165305",51,102,2
2013,5,"85a8ae2bfffffff",2,1,"MG","3134509,3144508",169,338,2
2013,5,"85a8ae2ffffffff",2,1,"MG","3130002,3144508",44,88,2
2013,5,"85a8aea3fffffff",2,1,"MG","3120805,3165206",93,186,2
2013,5,"85a8b13bfffffff",2,1,"RJ","3301009,3304151",160,320,2
2013,5,"85a8b173fffffff",2,1,"RJ","3301009,3304151",40,80,2
2013,5,"85a8c083fffffff",2,1,"GO","5204607,5209200",14,28,2
2013,5,"85a8c093fffffff",2,1,"GO","5205455,5221908",35,70,2
2013,5,"85a8c0a3fffffff",2,1,"GO","5201306,5214408",298,596,2
2013,5,"85a8c18bfffffff",2,1,"GO","5203939,5215207",8,16,2
2013,5,"85a8c1c3fffffff",2,1,"GO","5213905,5219001",166,332,2
2013,5,"85a8c20ffffffff",2,1,"GO","5205513,5205802",9,18,2
2013,5,"85a8c233fffffff",2,1,"GO","5205513,5205802",55,110,2
2013,5,"85a8c247fffffff",2,2,"DF/GO","5200258,5300108",3522,7044,2
2013,5,"85a8c253fffffff",2,2,"DF/GO","5215231,5300108",3846,7692,2
2013,5,"85a8c257fffffff",2,2,"DF/GO","5219753,5300108",200,400,2
2013,5,"85a8c25bfffffff",2,2,"DF/GO","5205497,5300108",256,512,2
2013,5,"85a8c27bfffffff",2,2,"DF/GO","5215603,5300108",359,718,2
2013,5,"85a8c313fffffff",2,1,"GO","5211800,5218706",44,88,2
2013,5,"85a8c383fffffff",2,1,"GO","5210604,5221700",62,124,2
2013,5,"85a8c3a7fffffff",2,1,"GO","5211206,5213855",20,40,2
2013,5,"85a8c4a3fffffff",2,1,"GO","5207402,5222054",19,38,2
2013,5,"85a8c617fffffff",2,1,"GO","5203302,5206305",62,124,2
2013,5,"85a8c6abfffffff",2,1,"GO","5203302,5217104",15,30,2
2013,5,"85a8d117fffffff",2,2,"DF/GO","5217609,5300108",164,328,2
2013,5,"85a8d11bfffffff",2,2,"DF/GO","5208004,5300108",1584,3168,2
2013,5,"85a8d563fffffff",2,2,"GO/MG","3109451,5206206",20,40,2
2013,5,"85a8d9affffffff",2,2,"GO/TO","1702000,5220207",74,148,2
2013,5,"85a8e073fffffff",2,2,"GO/MG","3159803,5220405",109,218,2
2013,5,"85a8e0cbfffffff",2,1,"MG","3111101,3170438",18,36,2
2013,5,"85a8e197fffffff",2,2,"GO/MS","5002902,5201504",35,70,2
2013,5,"85a8e20bfffffff",2,2,"GO/MG","3109808,5211503",21,42,2
2013,5,"85a8e20ffffffff",2,2,"GO/MG","3109808,5204250",20,40,2
2013,5,"85a8e23bfffffff",2,1,"GO","5204250,5209937",21,42,2
2013,5,"85a8e24ffffffff",2,2,"GO/MG","3103751,5211503",497,994,2
2013,5,"85a8e273fffffff",2,2,"GO/MG","3109808,5204250",71,142,2
2013,5,"85a8e34bfffffff",2,1,"GO","5209101,5218052",19,38,2
2013,5,"85a8e353fffffff",2,1,"GO","5203500,5218508",34,68,2
2013,5,"85a8e433fffffff",2,2,"MS/SP","3546108,5001003",56,112,2
2013,5,"85a8e46bfffffff",2,2,"MG/SP","3134400,3534757",13,26,2
2013,5,"85a8e477fffffff",2,2,"MG/SP","3114550,3545704",22,44,2
2013,5,"85a8e48bfffffff",2,1,"SP","3518909,3535200",57,114,2
2013,5,"85a8e4c7fffffff",2,1,"SP","3516903,3540259",49,98,2
2013,5,"85a8e56bfffffff",2,2,"GO/MS","5006309,5212253",35,70,2
2013,5,"85a8e56ffffffff",2,2,"GO/MS","5006309,5210802",85,170,2
2013,5,"85a8e60ffffffff",2,1,"MG","3111101,3161304",30,60,2
2013,5,"85a8e64ffffffff",2,1,"MG","3116902,3152808",8,16,2
2013,5,"85a8e673fffffff",2,1,"MG","3111101,3133402",313,626,2
2013,5,"85a8e67bfffffff",2,1,"MG","3111101,3116902",17,34,2
2013,5,"85a8e6affffffff",2,1,"MG","3111101,3161304",7,14,2
2013,5,"85a8e6c3fffffff",2,2,"MG/SP","3127107,3534203",64,128,2
2013,5,"85a8e6cffffffff",2,2,"MG/SP","3133402,3536604",194,388,2
2013,5,"85a8e807fffffff",2,2,"GO/MT","5106703,5207253",8,16,2
2013,5,"85a8ea8bfffffff",2,1,"GO","5204409,5215652",20,40,2
2013,5,"85a8eb9bfffffff",2,2,"GO/MT","5108204,5203104",49,98,2
2013,5,"85a8ebcffffffff",2,2,"GO/MT","5101803,5201702",1144,2288,2
2013,5,"85a8ed43fffffff",2,2,"GO/MT","5100300,5219407",306,612,2
2013,5,"85a8f087fffffff",2,1,"MG","3130705,3145000",13,26,2
2013,5,"85a8f0c3fffffff",2,1,"MG","3148103,3149804",22,44,2
2013,5,"85a8f10bfffffff",2,1,"GO","5205901,5214804",9,18,2
2013,5,"85a8f167fffffff",2,1,"GO","5204508,5210109",1573,3146,2
2013,5,"85a8f1cffffffff",2,2,"GO/MG","3103504,5201207",10,20,2
2013,5,"85a8f39bfffffff",2,2,"GO/MG","3100104,5206909",25,50,2
2013,5,"85a8f417fffffff",2,2,"MG/SP","3121258,3520103",622,1244,2
2013,5,"85a8f41bfffffff",2,2,"MG/SP","3156908,3543600",26,52,2
2013,5,"85a8f4b3fffffff",2,2,"MG/SP","3170107,3529708",322,644,2
2013,5,"85a8f4bbfffffff",2,2,"MG/SP","3170107,3503000",20,40,2
2013,5,"85a8f4d3fffffff",2,2,"MG/SP","3116407,3516200",73,146,2
2013,5,"85a8f5b3fffffff",2,1,"MG","3116902,3152808",17,34,2
2013,5,"85a8f6cbfffffff",2,1,"MG","3111507,3119807",13,26,2
2013,5,"85a8f6dbfffffff",2,1,"MG","3111507,3168200",9,18,2
2013,5,"85a90817fffffff",2,1,"RS","4301404,4315206",134,268,2
2013,5,"85a90863fffffff",2,1,"RS","4304903,4314001",159,318,2
2013,5,"85a90873fffffff",2,1,"RS","4304903,4320404",457,914,2
2013,5,"85a90877fffffff",2,1,"RS","4304903,4312351",302,604,2
2013,5,"85a908c3fffffff",2,1,"RS","4315800,4317251",33,66,2
2013,5,"85a908d3fffffff",2,1,"RS","4302253,4310363",115,230,2
2013,5,"85a90b6ffffffff",2,2,"RS/SC","4213104,4311908",288,576,2
2013,5,"85a90c4ffffffff",2,1,"RS","4312401,4320859",40,80,2
2013,5,"85a90e03fffffff",2,1,"RS","4313201,4316956",55,110,2
2013,5,"85a90e07fffffff",2,1,"RS","4311643,4313201",773,1546,2
2013,5,"85a90e0bfffffff",2,1,"RS","4309100,4321709",1562,3124,2
2013,5,"85a90e17fffffff",2,1,"RS","4314423,4318481",315,630,2
2013,5,"85a90eabfffffff",2,1,"RS","4308102,4319752",703,1406,2
2013,5,"85a90eaffffffff",2,1,"RS","4301651,4319356",774,1548,2
2013,5,"85a91863fffffff",2,1,"SC","4207205,4207304",196,392,2
2013,5,"85a9186ffffffff",2,1,"SC","4207205,4207304",523,1046,2
2013,5,"85a91b3bfffffff",2,1,"SC","4200903,4210209",43,86,2
2013,5,"85a91b63fffffff",2,1,"SC","4202305,4218004",126,252,2
2013,5,"85a91b6bfffffff",2,1,"SC","4206009,4218004",182,364,2
2013,5,"85a91b77fffffff",2,1,"SC","4201208,4216305",9,18,2
2013,5,"85a91b83fffffff",2,1,"SC","4215901,4217105",7,14,2
2013,5,"85a91d13fffffff",2,2,"RS/SC","4213807,4311734",59,118,2
2013,5,"85a91dc3fffffff",2,2,"RS/SC","4212254,4321501",1178,2356,2
2013,5,"85a91dc7fffffff",2,2,"RS/SC","4216404,4321501",168,336,2
2013,5,"85a950d3fffffff",2,2,"RS/SC","4208401,4301859",320,640,2
2013,5,"85a950dbfffffff",2,2,"RS/SC","4216255,4314498",154,308,2
2013,5,"85a9520bfffffff",2,2,"PR/SC","4128708,4216909",719,1438,2
2013,5,"85a95217fffffff",2,2,"PR/SC","4115408,4203501",234,468,2
2013,5,"85a952a7fffffff",2,2,"PR/SC","4102604,4205001",29,58,2
2013,5,"85a952abfffffff",2,2,"PR/SC","4107850,4212007",177,354,2
2013,5,"85a953d3fffffff",2,2,"PR/SC","4102604,4205001",575,1150,2
2013,5,"85a9544ffffffff",2,1,"RS","4307302,4312302",7,14,2
2023,5,"8581816bfffffff",3,2,"PB/PE","2509909,2517001,2609709",48,144,3
2023,5,"85a88403fffffff",3,2,"MG/RJ","3151107,3301108,3304706",181,543,3
2023,5,"85a8ae13fffffff",3,1,"MG","3102803,3165305,3167004",26,78,3
2023,5,"85a90ea7fffffff",3,1,"RS","4304804,4314753,4319356",62,186,3
2023,5,"858001c7fffffff",2,2,"MA/PI","2103901,2206209",89,178,2
2023,5,"85800317fffffff",2,2,"MA/PI","2106300,2205409",78,156,2
2023,5,"85800363fffffff",2,2,"MA/PI","2100907,2207702",1919,3838,2
2023,5,"858003a3fffffff",2,2,"MA/PI","2110609,2205805",184,368,2
2023,5,"858003b7fffffff",2,2,"MA/PI","2110104,2205854",69,138,2
2023,5,"8580050bfffffff",2,2,"MA/PI","2112209,2211001",225,450,2
2023,5,"85800557fffffff",2,2,"MA/PI","2112209,2211001",16831,33662,2
2023,5,"85800573fffffff",2,2,"MA/PI","2112209,2211001",12,24,2
2023,5,"8580160ffffffff",2,1,"CE","2302206,2304459",26,52,2
2023,5,"85801cbbfffffff",2,2,"CE/PI","2202083,2302057",30,60,2
2023,5,"85802257fffffff",2,1,"PI","2204808,2209955",39,78,2
2023,5,"85802357fffffff",2,2,"MA/PI","2110906,2200509",109,218,2
2023,5,"8580239bfffffff",2,2,"MA/PI","2101509,2203909",1245,2490,2
2023,5,"858023d7fffffff",2,2,"MA/PI","2101509,2203909",9,18,2
2023,5,"85802a87fffffff",2,1,"MA","2103307,2110302",42,84,2
2023,5,"85803243fffffff",2,2,"CE/RN","2305407,2412500",153,306,2
2023,5,"858032c3fffffff",2,2,"CE/PB","2313708,2513307",36,72,2
2023,5,"858032d3fffffff",2,2,"CE/PB","2305704,2503308",55,110,2
2023,5,"85803543fffffff",2,2,"PE/PI","2205953,2601102",50,100,2
2023,5,"8580368bfffffff",2,2,"CE/PE","2310605,2616100",31,62,2
2023,5,"8580468bfffffff",2,1,"PA","1502400,1507003",75,150,2
2023,5,"8580650ffffffff",2,1,"PA","1500859,1505486",102,204,2
2023,5,"858068a3fffffff",2,2,"AP/PA","1500503,1600279",184,368,2
2023,5,"8581060bfffffff",2,1,"BA","2914307,2915007",33,66,2
2023,5,"85811043fffffff",2,1,"BA","2914505,2924108",24,48,2
2023,5,"8581108bfffffff",2,1,"BA","2908200,2911600",239,478,2
2023,5,"858110cbfffffff",2,1,"BA","2901106,2931707",42,84,2
2023,5,"858110cffffffff",2,1,"BA","2901106,2928604",559,1118,2
2023,5,"85811223fffffff",2,1,"BA","2916500,2923100",108,216,2
2023,5,"85811243fffffff",2,2,"BA/SE","2802809,2917904",23,46,2
2023,5,"85811267fffffff",2,2,"BA/SE","2807402,2916500",523,1046,2
2023,5,"8581126bfffffff",2,1,"SE","2805109,2805802",61,122,2
2023,5,"8581146bfffffff",2,1,"BA","2927309,2929750",72,144,2
2023,5,"85811487fffffff",2,1,"BA","2922607,2933505",62,124,2
2023,5,"858114bbfffffff",2,1,"BA","2925758,2931608",169,338,2
2023,5,"8581186bfffffff",2,2,"BA/PE","2611101,2907202",29,58,2
2023,5,"85811a0ffffffff",2,2,"BA/PE","2608750,2918407",50,100,2
2023,5,"85811a6bfffffff",2,2,"BA/PE","2612604,2909901",111,222,2
2023,5,"85811aa3fffffff",2,2,"BA/PE","2611101,2918407",8087,16174,2
2023,5,"85811aabfffffff",2,2,"BA/PE","2611101,2918407",69,138,2
2023,5,"85811e9bfffffff",2,1,"BA","2925253,2925808",8,16,2
2023,5,"85812987fffffff",2,2,"GO/TO","1715150,5204904",10,20,2
2023,5,"8581300bfffffff",2,1,"BA","2910909,2917102",37,74,2
2023,5,"858130cffffffff",2,1,"BA","2915403,2916401",18,36,2
2023,5,"85813223fffffff",2,1,"BA","2905800,2912707",62,124,2
2023,5,"85813227fffffff",2,1,"BA","2903102,2912707",14,28,2
2023,5,"8581322bfffffff",2,1,"BA","2905800,2920700",10,20,2
2023,5,"8581322ffffffff",2,1,"BA","2905800,2912707",32,64,2
2023,5,"85813233fffffff",2,1,"BA","2911501,2932200",218,436,2
2023,5,"85813237fffffff",2,1,"BA","2912707,2932309",172,344,2
2023,5,"8581326ffffffff",2,1,"BA","2905800,2920700",98,196,2
2023,5,"8581335bfffffff",2,1,"BA","2912707,2912905",16,32,2
2023,5,"858133dbfffffff",2,1,"BA","2902401,2915205",10,20,2
2023,5,"85813473fffffff",2,2,"BA/MG","2916807,3157104",47,94,2
2023,5,"85813477fffffff",2,2,"BA/MG","2916807,3136504",86,172,2
2023,5,"8581347bfffffff",2,1,"BA","2916302,2925402",11,22,2
2023,5,"8581351bfffffff",2,2,"BA/MG","2910404,3122454",47,94,2
2023,5,"85813553fffffff",2,2,"BA/MG","2910404,3140555",58,116,2
2023,5,"858151abfffffff",2,2,"MA/TO","1707702,2102804",178,356,2
2023,5,"8581524bfffffff",2,2,"MA/PI","2101806,2211209",298,596,2
2023,5,"85815457fffffff",2,2,"MA/PI","2100501,2209203",94,188,2
2023,5,"85815877fffffff",2,2,"MA/TO","1720309,2112852",41,82,2
2023,5,"85815b5bfffffff",2,2,"MA/PA","1502939,2105427",172,344,2
2023,5,"85815c23fffffff",2,2,"PA/TO","1507458,1722107",204,408,2
2023,5,"85815caffffffff",2,2,"PA/TO","1505635,1702158",23,46,2
2023,5,"85815e87fffffff",2,2,"MA/TO","1700301,2104057",285,570,2
2023,5,"85815e97fffffff",2,2,"MA/TO","1713809,2104057",40,80,2
2023,5,"85815ebbfffffff",2,2,"MA/TO","1721208,2109007",304,608,2
2023,5,"858180b7fffffff",2,2,"AL/PE","2600401,2701357",43,86,2
2023,5,"858180bbfffffff",2,2,"AL/PE","2613404,2704500",377,754,2
2023,5,"8581813bfffffff",2,1,"PE","2615003,2616209",114,228,2
2023,5,"85818147fffffff",2,1,"PE","2604908,2610509",166,332,2
2023,5,"85818177fffffff",2,2,"PB/PE","2513158,2616183",69,138,2
2023,5,"8581819bfffffff",2,1,"PE","2601508,2610202",330,660,2
2023,5,"858181c3fffffff",2,1,"PE","2602308,2604809",171,342,2
2023,5,"858181d7fffffff",2,1,"PE","2602308,2604205",37,74,2
2023,5,"85818303fffffff",2,2,"PB/PE","2503001,2606200",245,490,2
2023,5,"85818307fffffff",2,2,"PB/PE","2511202,2607653",284,568,2
2023,5,"85818333fffffff",2,2,"PB/PE","2511202,2607653",375,750,2
2023,5,"85818567fffffff",2,1,"PE","2611507,2612901",90,180,2
2023,5,"8581856bfffffff",2,2,"AL/PE","2616506,2701357",61,122,2
2023,5,"85818587fffffff",2,1,"AL","2701001,2704807",135,270,2
2023,5,"858185a3fffffff",2,1,"AL","2706604,2709400",25,50,2
2023,5,"858185affffffff",2,1,"AL","2701902,2707602",9,18,2
2023,5,"858185b3fffffff",2,1,"AL","2700201,2704807",38,76,2
2023,5,"8581887bfffffff",2,1,"RN","2406502,2411403",14,28,2
2023,5,"858188a3fffffff",2,2,"PB/RN","2405603,2513901",278,556,2
2023,5,"858188d3fffffff",2,2,"PB/RN","2403400,2516755",15,30,2
2023,5,"858188d7fffffff",2,2,"PB/RN","2411429,2514701",36,72,2
2023,5,"858189b3fffffff",2,2,"CE/RN","2310803,2403202",68,136,2
2023,5,"85818b4bfffffff",2,1,"RN","2404101,2404507",63,126,2
2023,5,"85818b5bfffffff",2,1,"RN","2404507,2409704",20,40,2
2023,5,"85818c63fffffff",2,1,"PB","2513000,2516508",38,76,2
2023,5,"85818c6ffffffff",2,2,"PB/RN","2403400,2507804",52,104,2
2023,5,"85818d2ffffffff",2,2,"PB/RN","2414100,2517209",50,100,2
2023,5,"85818d67fffffff",2,2,"PB/RN","2400505,2502300",58,116,2
2023,5,"85818ddbfffffff",2,2,"PB/PE","2506707,2612802",49,98,2
2023,5,"85818e0bfffffff",2,1,"PB","2500908,2512705",122,244,2
2023,5,"85818e2ffffffff",2,2,"PB/RN","2405009,2505105",161,322,2
2023,5,"85818e57fffffff",2,1,"PB","2500502,2501104",225,450,2
2023,5,"85818e6bfffffff",2,2,"PB/RN","2409100,2516409",108,216,2
2023,5,"85818ecffffffff",2,1,"PB","2507606,2515807",30,60,2
2023,5,"85819db7fffffff",2,2,"PB/RN","2408300,2503605",206,412,2
2023,5,"85819dbbfffffff",2,2,"PB/RN","2409803,2508901",8,16,2
2023,5,"8581a123fffffff",2,1,"SE","2800506,2805901",92,184,2
2023,5,"8581a1a3fffffff",2,1,"SE","2802106,2806206",17,34,2
2023,5,"8581a1a7fffffff",2,1,"SE","2800670,2806206",82,164,2
2023,5,"8581a1affffffff",2,1,"SE","2803203,2806206",38,76,2
2023,5,"8581a3affffffff",2,2,"AL/SE","2706802,2800704",41,82,2
2023,5,"8581a817fffffff",2,2,"AL/BA","2702405,2924009",1026,2052,2
2023,5,"8581a833fffffff",2,2,"BA/PE","2608057,2911402",68,136,2
2023,5,"8581a8abfffffff",2,2,"BA/PE","2608057,2924009",39,78,2
2023,5,"8581a8c3fffffff",2,2,"AL/SE","2707107,2801207",184,368,2
2023,5,"8581ab63fffffff",2,2,"PB/PE","2516607,2611533",38,76,2
2023,5,"8581ab77fffffff",2,2,"PB/PE","2512309,2605608",176,352,2
2023,5,"8581acc7fffffff",2,2,"BA/SE","2807105,2923803",367,734,2
2023,5,"8581ae13fffffff",2,2,"AL/SE","2708204,2804706",46,92,2
2023,5,"8581ae4bfffffff",2,1,"AL","2701407,2704203",94,188,2
2023,5,"8581aeabfffffff",2,2,"AL/SE","2700904,2805604",63,126,2
2023,5,"8581aec3fffffff",2,2,"AL/SE","2703205,2804409",16,32,2
2023,5,"8581aec7fffffff",2,2,"AL/SE","2707503,2805703",307,614,2
2023,5,"8581aedbfffffff",2,2,"AL/SE","2706703,2804409",499,998,2
2023,5,"858a8e47fffffff",2,2,"AM/PA","1303007,1503002",41,82,2
2023,5,"858b492ffffffff",2,2,"AC/AM","1200203,1301654",194,388,2
2023,5,"85a80063fffffff",2,2,"PR/SP","3505005,4124004",82,164,2
2023,5,"85a801d3fffffff",2,1,"PR","4107009,4126207",78,156,2
2023,5,"85a80267fffffff",2,1,"SP","3504503,3523503",24,48,2
2023,5,"85a80307fffffff",2,2,"PR/SP","3534708,4111803",2162,4324,2
2023,5,"85a80313fffffff",2,2,"PR/SP","3557204,4121802",221,442,2
2023,5,"85a80317fffffff",2,2,"PR/SP","3534708,4111803",355,710,2
2023,5,"85a80333fffffff",2,2,"PR/SP","3545407,4103602",197,394,2
2023,5,"85a80353fffffff",2,1,"SP","3528601,3538808",12,24,2
2023,5,"85a80357fffffff",2,1,"SP","3506300,3533809",197,394,2
2023,5,"85a803abfffffff",2,2,"PR/SP","3534708,4103602",491,982,2
2023,5,"85a803c7fffffff",2,2,"PR/SP","3554607,4121802",38,76,2
2023,5,"85a803d3fffffff",2,1,"SP","3515400,3553005",266,532,2
2023,5,"85a803d7fffffff",2,2,"PR/SP","3515400,4104709",69,138,2
2023,5,"85a803dbfffffff",2,1,"SP","3553807,3554201",63,126,2
2023,5,"85a8049bfffffff",2,1,"PR","4102307,4120101",53,106,2
2023,5,"85a806abfffffff",2,2,"PR/SP","3542800,4100202",75,150,2
2023,5,"85a808affffffff",2,2,"MS/SP","3541307,5001904",28,56,2
2023,5,"85a80aa3fffffff",2,1,"SP","3516002,3526506",14,28,2
2023,5,"85a80ac3fffffff",2,1,"SP","3503356,3548401",57,114,2
2023,5,"85a80c23fffffff",2,2,"PR/SP","3554300,4112603",305,610,2
2023,5,"85a80cd7fffffff",2,1,"PR","4102109,4119657",537,1074,2
2023,5,"85a80d63fffffff",2,1,"MS","5000807,5001904",6,12,2
2023,5,"85a80d83fffffff",2,2,"PR/SP","3544251,4107108",102,204,2
2023,5,"85a80e83fffffff",2,2,"PR/SP","3528809,4126405",13,26,2
2023,5,"85a80e8ffffffff",2,1,"SP","3528809,3542206",29,58,2
2023,5,"85a80e9bfffffff",2,2,"PR/SP","3537156,4126405",84,168,2
2023,5,"85a8102bfffffff",2,1,"SP","3509205,3509601",3878,7756,2
2023,5,"85a8102ffffffff",2,1,"SP","3509205,3525904",8263,16526,2
2023,5,"85a81033fffffff",2,1,"SP","3510609,3550605",11837,23674,2
2023,5,"85a81037fffffff",2,1,"SP","3502754,3547304",693,1386,2
2023,5,"85a81067fffffff",2,1,"SP","3504107,3528502",1170,2340,2
2023,5,"85a8106bfffffff",2,1,"SP","3532405,3546801",42,84,2
2023,5,"85a810a3fffffff",2,1,"SP","3513009,3519709",73,146,2
2023,5,"85a810affffffff",2,1,"SP","3550605,3556453",1384,2768,2
2023,5,"85a81107fffffff",2,1,"SP","3525854,3526407",607,1214,2
2023,5,"85a8113bfffffff",2,1,"SP","3545159,3554508",13,26,2
2023,5,"85a81153fffffff",2,1,"SP","3520509,3523909",1989,3978,2
2023,5,"85a81157fffffff",2,1,"SP","3520509,3545209",1310,2620,2
2023,5,"85a811b7fffffff",2,1,"SP","3506904,3554656",31,62,2
2023,5,"85a8122bfffffff",2,2,"MG/SP","3165404,3548203",152,304,2
2023,5,"85a81283fffffff",2,1,"SP","3535606,3545001",10,20,2
2023,5,"85a81287fffffff",2,1,"SP","3545001,3546009",149,298,2
2023,5,"85a812a3fffffff",2,1,"SP","3518305,3524402",3367,6734,2
2023,5,"85a812a7fffffff",2,1,"SP","3520202,3546801",144,288,2
2023,5,"85a812b3fffffff",2,1,"SP","3518305,3524402",413,826,2
2023,5,"85a8130ffffffff",2,2,"MG/SP","3143401,3527009",1596,3192,2
2023,5,"85a8131bfffffff",2,2,"MG/SP","3169109,3536802",129,258,2
2023,5,"85a8132bfffffff",2,2,"MG/SP","3134905,3515186",427,854,2
2023,5,"85a813c7fffffff",2,2,"MG/SP","3125101,3507605",334,668,2
2023,5,"85a8154bfffffff",2,1,"SP","3526209,3529906",7,14,2
2023,5,"85a8162ffffffff",2,1,"SP","3506359,3550704",64,128,2
2023,5,"85a81807fffffff",2,1,"SP","3522703,3545605",60,120,2
2023,5,"85a8180ffffffff",2,1,"SP","3510104,3515608",149,298,2
2023,5,"85a81847fffffff",2,1,"SP","3524303,3553708",494,988,2
2023,5,"85a81857fffffff",2,1,"SP","3514007,3546504",140,280,2
2023,5,"85a8185bfffffff",2,1,"SP","3518859,3532058",160,320,2
2023,5,"85a81867fffffff",2,1,"SP","3506102,3539004",247,494,2
2023,5,"85a81877fffffff",2,1,"SP","3531308,3556909",122,244,2
2023,5,"85a8194bfffffff",2,1,"SP","3517505,3533908",33,66,2
2023,5,"85a81987fffffff",2,1,"SP","3525706,3537305",16,32,2
2023,5,"85a81a43fffffff",2,2,"MG/SP","3164704,3547908",114,228,2
2023,5,"85a81a4ffffffff",2,2,"MG/SP","3165107,3536307",117,234,2
2023,5,"85a81a53fffffff",2,2,"MG/SP","3132909,3547908",164,328,2
2023,5,"85a81b3bfffffff",2,2,"MG/SP","3151602,3512100",189,378,2
2023,5,"85a81b93fffffff",2,1,"SP","3509304,3514957",121,242,2
2023,5,"85a81b97fffffff",2,1,"SP","3533908,3552601",15,30,2
2023,5,"85a81ba7fffffff",2,2,"MG/SP","3127008,3519808",112,224,2
2023,5,"85a81babfffffff",2,2,"MG/SP","3127107,3512100",24,48,2
2023,5,"85a81c93fffffff",2,1,"SP","3504503,3523503",1255,2510,2
2023,5,"85a81d6ffffffff",2,1,"SP","3544608,3544806",46,92,2
2023,5,"85a81e2ffffffff",2,1,"SP","3518859,3543709",20,40,2
2023,5,"85a81e6bfffffff",2,1,"SP","3547601,3553302",86,172,2
2023,5,"85a81e83fffffff",2,1,"SP","3521101,3523602",97,194,2
2023,5,"85a81e97fffffff",2,1,"SP","3507902,3550407",560,1120,2
2023,5,"85a8203bfffffff",2,2,"PR/SC","4128203,4213609",1397,2794,2
2023,5,"85a82077fffffff",2,2,"PR/SC","4118600,4207908",48,96,2
2023,5,"85a820b7fffffff",2,2,"PR/SC","4117602,4200408",8,16,2
2023,5,"85a82203fffffff",2,2,"PR/SC","4122305,4210100",1830,3660,2
2023,5,"85a8252ffffffff",2,2,"PR/SC","4105706,4200101",17,34,2
2023,5,"85a8255bfffffff",2,1,"SC","4201604,4218509",319,638,2
2023,5,"85a82563fffffff",2,2,"PR/SC","4117602,4200408",15,30,2
2023,5,"85a82583fffffff",2,2,"RS/SC","4204301,4312005",41,82,2
2023,5,"85a82597fffffff",2,2,"RS/SC","4208005,4300901",185,370,2
2023,5,"85a8259bfffffff",2,2,"RS/SC","4212601,4311908",129,258,2
2023,5,"85a828affffffff",2,1,"PR","4100707,4108205",22,44,2
2023,5,"85a8299bfffffff",2,1,"PR","4108320,4117909",15,30,2
2023,5,"85a82a63fffffff",2,1,"PR","4112108,4114203",1220,2440,2
2023,5,"85a82a93fffffff",2,1,"PR","4110805,4117271",121,242,2
2023,5,"85a82e97fffffff",2,1,"PR","4104451,4128658",192,384,2
2023,5,"85a8318bfffffff",2,2,"PR/SC","4109609,4205803",58,116,2
2023,5,"85a83503fffffff",2,1,"SC","4210001,4216354",124,248,2
2023,5,"85a8350bfffffff",2,1,"SC","4202107,4216354",725,1450,2
2023,5,"85a83517fffffff",2,1,"SC","4210001,4210605",269,538,2
2023,5,"85a835abfffffff",2,1,"SC","4210605,4213203",400,800,2
2023,5,"85a835affffffff",2,1,"SC","4208906,4214706",6,12,2
2023,5,"85a88043fffffff",2,2,"ES/MG","3124203,3202009",166,332,2
2023,5,"85a88053fffffff",2,2,"ES/MG","3110103,3202009",441,882,2
2023,5,"85a880c3fffffff",2,2,"MG/RJ","3103108,3304102",262,524,2
2023,5,"85a880cbfffffff",2,2,"MG/RJ","3169208,3306156",100,200,2
2023,5,"85a8810bfffffff",2,1,"MG","3102308,3155702",16,32,2
2023,5,"85a8810ffffffff",2,1,"MG","3157203,3161908",655,1310,2
2023,5,"85a88177fffffff",2,1,"MG","3107703,3161908",43,86,2
2023,5,"85a88183fffffff",2,1,"MG","3145901,3146107",752,1504,2
2023,5,"85a88193fffffff",2,1,"MG","3133907,3146107",72,144,2
2023,5,"85a881d7fffffff",2,1,"MG","3121704,3140001",43,86,2
2023,5,"85a88203fffffff",2,2,"ES/MG","3144003,3201159",106,212,2
2023,5,"85a88217fffffff",2,2,"ES/MG","3144003,3202454",28,56,2
2023,5,"85a8824ffffffff",2,1,"ES","3202702,3202900",96,192,2
2023,5,"85a88347fffffff",2,1,"MG","3122504,3168408",109,218,2
2023,5,"85a88363fffffff",2,1,"MG","3125804,3149952",62,124,2
2023,5,"85a88373fffffff",2,1,"MG","3162609,3168408",81,162,2
2023,5,"85a88393fffffff",2,1,"MG","3154002,3164001",252,504,2
2023,5,"85a88417fffffff",2,2,"MG/RJ","3172103,3301207",83,166,2
2023,5,"85a8841bfffffff",2,1,"RJ","3301108,3302106",12,24,2
2023,5,"85a884bbfffffff",2,2,"MG/RJ","3101508,3301207",763,1526,2
2023,5,"85a884d3fffffff",2,1,"RJ","3302403,3305901",22,44,2
2023,5,"85a88503fffffff",2,1,"MG","3121506,3141603",97,194,2
2023,5,"85a88563fffffff",2,1,"MG","3153103,3166006",109,218,2
2023,5,"85a88627fffffff",2,2,"ES/RJ","3202306,3306156",462,924,2
2023,5,"85a886abfffffff",2,2,"ES/RJ","3201100,3300605",647,1294,2
2023,5,"85a88903fffffff",2,1,"MG","3109402,3136306",10,20,2
2023,5,"85a889d7fffffff",2,1,"MG","3161700,3169356",481,962,2
2023,5,"85a88c07fffffff",2,1,"MG","3126406,3146909",13,26,2
2023,5,"85a88c17fffffff",2,1,"MG","3126406,3149606",16,32,2
2023,5,"85a88c8bfffffff",2,1,"MG","3124104,3147105",31,62,2
2023,5,"85a88e03fffffff",2,1,"MG","3117504,3122603",7,14,2
2023,5,"85a88e1bfffffff",2,1,"MG","3113800,3122603",46,92,2
2023,5,"85a88e5bfffffff",2,1,"MG","3108800,3128006",9,18,2
2023,5,"85a88ecffffffff",2,1,"MG","3123106,3125903",16,32,2
2023,5,"85a88ed3fffffff",2,1,"MG","3103009,3158003",137,274,2
2023,5,"85a89107fffffff",2,1,"ES","3201506,3203205",10,20,2
2023,5,"85a8912bfffffff",2,1,"ES","3202256,3204351",51,102,2
2023,5,"85a89133fffffff",2,1,"ES","3203205,3203353",221,442,2
2023,5,"85a89183fffffff",2,1,"ES","3200607,3202207",171,342,2
2023,5,"85a8919bfffffff",2,1,"ES","3200607,3205002",238,476,2
2023,5,"85a891b3fffffff",2,1,"ES","3204609,3204955",172,344,2
2023,5,"85a895b3fffffff",2,1,"ES","3202801,3204203",479,958,2
2023,5,"85a8985bfffffff",2,2,"ES/MG","3113701,3203601",7,14,2
2023,5,"85a89a23fffffff",2,2,"BA/MG","2916005,3106606",15,30,2
2023,5,"85a89a2ffffffff",2,2,"BA/MG","2916005,3106606",12,24,2
2023,5,"85a89a8ffffffff",2,2,"BA/MG","2918902,3166709",36,72,2
2023,5,"85a89a9bfffffff",2,2,"BA/MG","2922003,3166709",71,142,2
2023,5,"85a89abbfffffff",2,2,"BA/MG","2921104,3144300",16,32,2
2023,5,"85a89c0bfffffff",2,2,"ES/MG","3120839,3203304",144,288,2
2023,5,"85a89c1bfffffff",2,2,"ES/MG","3120839,3200359",20,40,2
2023,5,"85a89c2ffffffff",2,1,"MG","3144904,3161056",20,40,2
2023,5,"85a89c47fffffff",2,2,"ES/MG","3139607,3200904",381,762,2
2023,5,"85a89c6ffffffff",2,2,"ES/MG","3144672,3200169",19,38,2
2023,5,"85a89c73fffffff",2,2,"ES/MG","3162575,3203304",89,178,2
2023,5,"85a89c7bfffffff",2,2,"ES/MG","3139607,3200904",382,764,2
2023,5,"85a89c93fffffff",2,1,"MG","3151909,3159506",8,16,2
2023,5,"85a89cd3fffffff",2,2,"ES/MG","3101102,3200805",728,1456,2
2023,5,"85a89d2bfffffff",2,1,"MG","3100609,3164506",77,154,2
2023,5,"85a89e17fffffff",2,1,"ES","3201001,3203908",200,400,2
2023,5,"85a89e2ffffffff",2,2,"ES/MG","3144300,3203601",24,48,2
2023,5,"85a89e63fffffff",2,2,"BA/ES","2922003,3204054",29,58,2
2023,5,"85a89e67fffffff",2,2,"BA/ES","2922003,3204054",22,44,2
2023,5,"85a89e9bfffffff",2,1,"ES","3203056,3205176",22,44,2
2023,5,"85a8a12bfffffff",2,2,"MG/RJ","3107208,3302254",25,50,2
2023,5,"85a8a137fffffff",2,2,"MG/SP","3147600,3513405",397,794,2
2023,5,"85a8a157fffffff",2,2,"RJ/SP","3304409,3504909",101,202,2
2023,5,"85a8a167fffffff",2,2,"MG/RJ","3107208,3304201",35,70,2
2023,5,"85a8a1cffffffff",2,1,"RJ","3300100,3304409",69,138,2
2023,5,"85a8a203fffffff",2,1,"RJ","3300209,3305505",140,280,2
2023,5,"85a8a213fffffff",2,1,"RJ","3300209,3305505",1077,2154,2
2023,5,"85a8a22bfffffff",2,1,"RJ","3300803,3303401",205,410,2
2023,5,"85a8a26ffffffff",2,1,"RJ","3300506,3302403",13,26,2
2023,5,"85a8a307fffffff",2,2,"MG/RJ","3106101,3304508",49,98,2
2023,5,"85a8a31bfffffff",2,1,"RJ","3303856,3303906",14,28,2
2023,5,"85a8a333fffffff",2,2,"MG/RJ","3155900,3306107",79,158,2
2023,5,"85a8a347fffffff",2,2,"MG/RJ","3116209,3306008",1687,3374,2
2023,5,"85a8a34ffffffff",2,2,"MG/RJ","3116209,3305406",125,250,2
2023,5,"85a8a373fffffff",2,2,"MG/RJ","3167509,3300951",75,150,2
2023,5,"85a8a383fffffff",2,1,"RJ","3301801,3302270",296,592,2
2023,5,"85a8a387fffffff",2,1,"RJ","3302809,3303609",390,780,2
2023,5,"85a8a38bfffffff",2,1,"RJ","3302908,3303500",96,192,2
2023,5,"85a8a3a7fffffff",2,2,"MG/RJ","3159308,3306107",82,164,2
2023,5,"85a8a3affffffff",2,2,"MG/RJ","3155900,3306107",20,40,2
2023,5,"85a8a3c3fffffff",2,1,"RJ","3302502,3303906",5107,10214,2
2023,5,"85a8a3c7fffffff",2,1,"RJ","3302908,3303906",261,522,2
2023,5,"85a8a3cbfffffff",2,1,"RJ","3301850,3305802",3707,7414,2
2023,5,"85a8a52ffffffff",2,2,"RJ/SP","3303807,3555406",15,30,2
2023,5,"85a8a86bfffffff",2,1,"MG","3110400,3112000",24,48,2
2023,5,"85a8a9a7fffffff",2,2,"MG/SP","3129707,3536307",237,474,2
2023,5,"85a8a9b7fffffff",2,2,"MG/SP","3112406,3536307",190,380,2
2023,5,"85a8aa13fffffff",2,1,"MG","3145604,3154200",6,12,2
2023,5,"85a8aa1bfffffff",2,1,"MG","3121407,3147709",84,168,2
2023,5,"85a8aa47fffffff",2,1,"MG","3106408,3150406",25,50,2
2023,5,"85a8aa4ffffffff",2,1,"MG","3106408,3142304",126,252,2
2023,5,"85a8aa63fffffff",2,1,"MG","3109006,3155306",80,160,2
2023,5,"85a8aa7bfffffff",2,1,"MG","3108107,3109006",20,40,2
2023,5,"85a8aa83fffffff",2,1,"MG","3108008,3165008",11,22,2
2023,5,"85a8aa87fffffff",2,1,"MG","3145604,3159902",16,32,2
2023,5,"85a8aab3fffffff",2,1,"MG","3145604,3159902",18,36,2
2023,5,"85a8ab87fffffff",2,1,"MG","3123403,3130309",34,68,2
2023,5,"85a8ac0ffffffff",2,1,"MG","3129202,3162005",80,160,2
2023,5,"85a8ac23fffffff",2,1,"MG","3114709,3162302",81,162,2
2023,5,"85a8ac73fffffff",2,1,"MG","3110707,3137809",366,732,2
2023,5,"85a8ac7bfffffff",2,1,"MG","3110707,3117702",176,352,2
2023,5,"85a8ac93fffffff",2,2,"MG/SP","3165404,3548609",234,468,2
2023,5,"85a8ad03fffffff",2,2,"MG/SP","3108404,3508702",157,314,2
2023,5,"85a8ad13fffffff",2,2,"MG/SP","3151800,3513900",4177,8354,2
2023,5,"85a8ad33fffffff",2,2,"MG/SP","3104106,3530508",48,96,2
2023,5,"85a8ad37fffffff",2,2,"MG/SP","3104106,3530508",113,226,2
2023,5,"85a8ad43fffffff",2,1,"MG","3111002,3166907",107,214,2
2023,5,"85a8ad53fffffff",2,1,"MG","3111002,3139003",24,48,2
2023,5,"85a8ad8ffffffff",2,2,"MG/SP","3151800,3500402",60,120,2
2023,5,"85a8ae07fffffff",2,1,"MG","3114600,3141900",17,34,2
2023,5,"85a8ae0bfffffff",2,1,"MG","3102803,3139102",13,26,2
2023,5,"85a8ae0ffffffff",2,1,"MG","3114600,3139102",10,20,2
2023,5,"85a8ae17fffffff",2,1,"MG","3141900,3165305",66,132,2
2023,5,"85a8ae2bfffffff",2,1,"MG","3134509,3144508",155,310,2
2023,5,"85a8ae2ffffffff",2,1,"MG","3130002,3144508",50,100,2
2023,5,"85a8aea3fffffff",2,1,"MG","3120805,3165206",120,240,2
2023,5,"85a8b13bfffffff",2,1,"RJ","3301009,3304151",203,406,2
2023,5,"85a8b173fffffff",2,1,"RJ","3301009,3304151",34,68,2
2023,5,"85a8c093fffffff",2,1,"GO","5205455,5221908",44,88,2
2023,5,"85a8c0a3fffffff",2,1,"GO","5201306,5221502",259,518,2
2023,5,"85a8c1c3fffffff",2,1,"GO","5213905,5219001",229,458,2
2023,5,"85a8c1c7fffffff",2,1,"GO","5203939,5213905",31,62,2
2023,5,"85a8c21bfffffff",2,2,"DF/GO","5200308,5300108",36,72,2
2023,5,"85a8c247fffffff",2,2,"DF/GO","5200258,5300108",4093,8186,2
2023,5,"85a8c253fffffff",2,2,"DF/GO","5221858,5300108",4955,9910,2
2023,5,"85a8c257fffffff",2,2,"DF/GO","5219753,5300108",307,614,2
2023,5,"85a8c25bfffffff",2,2,"DF/GO","5205497,5300108",329,658,2
2023,5,"85a8c27bfffffff",2,2,"DF/GO","5215603,5300108",398,796,2
2023,5,"85a8c383fffffff",2,1,"GO","5210604,5221700",61,122,2
2023,5,"85a8c43bfffffff",2,1,"GO","5207352,5207402",22,44,2
2023,5,"85a8c617fffffff",2,1,"GO","5206305,5220264",53,106,2
2023,5,"85a8c6abfffffff",2,1,"GO","5203302,5217104",12,24,2
2023,5,"85a8d117fffffff",2,2,"DF/GO","5217609,5300108",263,526,2
2023,5,"85a8d11bfffffff",2,2,"DF/GO","5208004,5300108",2332,4664,2
2023,5,"85a8d563fffffff",2,2,"GO/MG","3109451,5206206",19,38,2
2023,5,"85a8d9affffffff",2,2,"GO/TO","1702000,5215256",95,190,2
2023,5,"85a8e0cbfffffff",2,1,"MG","3111101,3170438",15,30,2
2023,5,"85a8e20ffffffff",2,2,"GO/MG","3112604,5204250",19,38,2
2023,5,"85a8e23bfffffff",2,1,"GO","5204250,5209937",20,40,2
2023,5,"85a8e24ffffffff",2,2,"GO/MG","3103751,5211503",775,1550,2
2023,5,"85a8e273fffffff",2,2,"GO/MG","3109808,5204250",75,150,2
2023,5,"85a8e433fffffff",2,2,"MS/SP","3544509,5001003",56,112,2
2023,5,"85a8e46bfffffff",2,2,"MG/SP","3134400,3534757",12,24,2
2023,5,"85a8e477fffffff",2,2,"MG/SP","3114550,3529658",33,66,2
2023,5,"85a8e56bfffffff",2,2,"GO/MS","5006309,5212253",34,68,2
2023,5,"85a8e56ffffffff",2,2,"GO/MS","5006309,5210802",68,136,2
2023,5,"85a8e673fffffff",2,1,"MG","3111101,3133402",219,438,2
2023,5,"85a8e67bfffffff",2,1,"MG","3116902,3152808",17,34,2
2023,5,"85a8e6cffffffff",2,2,"MG/SP","3133402,3536604",102,204,2
2023,5,"85a8e807fffffff",2,2,"GO/MT","5106703,5207253",14,28,2
2023,5,"85a8eb9bfffffff",2,2,"GO/MT","5108204,5203104",52,104,2
2023,5,"85a8ebcffffffff",2,2,"GO/MT","5101803,5201702",1658,3316,2
2023,5,"85a8ed43fffffff",2,2,"GO/MT","5100300,5219407",297,594,2
2023,5,"85a8f087fffffff",2,1,"MG","3145000,3170206",11,22,2
2023,5,"85a8f1cffffffff",2,2,"GO/MG","3103504,5201207",13,26,2
2023,5,"85a8f39bfffffff",2,2,"GO/MG","3100104,5206909",37,74,2
2023,5,"85a8f417fffffff",2,2,"MG/SP","3121258,3520103",628,1256,2
2023,5,"85a8f41bfffffff",2,2,"MG/SP","3156908,3543600",25,50,2
2023,5,"85a8f4b3fffffff",2,2,"MG/SP","3100708,3529708",302,604,2
2023,5,"85a8f4bbfffffff",2,2,"MG/SP","3170107,3503000",62,124,2
2023,5,"85a8f4d3fffffff",2,2,"MG/SP","3116407,3513207",55,110,2
2023,5,"85a8f5b3fffffff",2,1,"MG","3116902,3152808",12,24,2
2023,5,"85a8f5c7fffffff",2,1,"MG","3152808,3171105",26,52,2
2023,5,"85a8f607fffffff",2,1,"MG","3129509,3166808",11,22,2
2023,5,"85a8f653fffffff",2,1,"MG","3111507,3162104",20,40,2
2023,5,"85a8f657fffffff",2,1,"MG","3111507,3155504",30,60,2
2023,5,"85a8f693fffffff",2,1,"MG","3141306,3168101",11,22,2
2023,5,"85a90817fffffff",2,1,"RS","4301404,4315206",146,292,2
2023,5,"85a90863fffffff",2,1,"RS","4314001,4318051",129,258,2
2023,5,"85a90877fffffff",2,1,"RS","4304903,4312351",261,522,2
2023,5,"85a908cffffffff",2,1,"RS","4319711,4322855",22,44,2
2023,5,"85a908d3fffffff",2,1,"RS","4302253,4310363",92,184,2
2023,5,"85a90b6ffffffff",2,2,"RS/SC","4213104,4311908",319,638,2
2023,5,"85a90c4ffffffff",2,1,"RS","4320859,4322004",24,48,2
2023,5,"85a90e03fffffff",2,1,"RS","4313201,4316956",135,270,2
2023,5,"85a90e07fffffff",2,1,"RS","4311643,4313201",737,1474,2
2023,5,"85a90e0bfffffff",2,1,"RS","4304408,4321709",2253,4506,2
2023,5,"85a90e17fffffff",2,1,"RS","4314423,4315149",344,688,2
2023,5,"85a90eabfffffff",2,1,"RS","4302352,4308102",771,1542,2
2023,5,"85a90eaffffffff",2,1,"RS","4301651,4319356",759,1518,2
2023,5,"85a91863fffffff",2,1,"SC","4207205,4207304",237,474,2
2023,5,"85a91b3bfffffff",2,1,"SC","4200903,4210209",69,138,2
2023,5,"85a91b63fffffff",2,1,"SC","4202305,4218004",135,270,2
2023,5,"85a91b6bfffffff",2,1,"SC","4206009,4218004",248,496,2
2023,5,"85a91b77fffffff",2,1,"SC","4201208,4216305",23,46,2
2023,5,"85a91dc3fffffff",2,2,"RS/SC","4212254,4321501",1267,2534,2
2023,5,"85a91dc7fffffff",2,2,"RS/SC","4216404,4321501",271,542,2
2023,5,"85a950d3fffffff",2,2,"RS/SC","4208401,4301859",354,708,2
2023,5,"85a950dbfffffff",2,2,"RS/SC","4216255,4314498",173,346,2
2023,5,"85a95203fffffff",2,2,"PR/SC","4128708,4216909",6,12,2
2023,5,"85a9520bfffffff",2,2,"PR/SC","4128708,4216909",709,1418,2
2023,5,"85a952a7fffffff",2,2,"PR/SC","4102604,4205001",42,84,2
2023,5,"85a952abfffffff",2,2,"PR/SC","4107850,4212007",172,344,2
2023,5,"85a953d3fffffff",2,2,"PR/SC","4102604,4205001",543,1086,2
2023,5,"85a9544ffffffff",2,1,"RS","4306429,4312302",14,28,2
2023,5,"85a95633fffffff",2,2,"RS/SC","4212106,4310504",116,232,2
2023,5,"85a95637fffffff",2,2,"RS/SC","4211009,4323101",209,418,2
2013,6,"8680050b7ffffff",2,2,"MA/PI","2112209,2211001",53,106,2
2013,6,"86800556fffffff",2,2,"MA/PI","2112209,2211001",2631,5262,2
2013,6,"8680160d7ffffff",2,1,"CE","2302206,2304459",13,26,2
2013,6,"86802354fffffff",2,2,"MA/PI","2110906,2200509",94,188,2
2013,6,"868023997ffffff",2,2,"MA/PI","2101509,2203909",926,1852,2
2013,6,"868068a2fffffff",2,2,"AP/PA","1500503,1600279",145,290,2
2013,6,"868068a37ffffff",2,2,"AP/PA","1500503,1600808",13,26,2
2013,6,"868112667ffffff",2,2,"BA/SE","2807402,2916500",51,102,2
2013,6,"868112677ffffff",2,2,"BA/SE","2807402,2916500",468,936,2
2013,6,"868114bafffffff",2,1,"BA","2925758,2931608",7,14,2
2013,6,"86811aa27ffffff",2,2,"BA/PE","2611101,2918407",4089,8178,2
2013,6,"86811aa37ffffff",2,2,"BA/PE","2611101,2918407",237,474,2
2013,6,"86811aaa7ffffff",2,2,"BA/PE","2611101,2918407",22,44,2
2013,6,"868132217ffffff",2,1,"BA","2905800,2920700",29,58,2
2013,6,"86813235fffffff",2,1,"BA","2912707,2932309",157,314,2
2013,6,"86813551fffffff",2,2,"BA/MG","2910404,3140555",38,76,2
2013,6,"86815249fffffff",2,2,"MA/PI","2101806,2211209",123,246,2
2013,6,"86815455fffffff",2,2,"MA/PI","2100501,2209203",34,68,2
2013,6,"86815b5b7ffffff",2,2,"MA/PA","1502939,2105427",133,266,2
2013,6,"86815c22fffffff",2,2,"PA/TO","1507458,1722107",173,346,2
2013,6,"86815e877ffffff",2,2,"MA/TO","1700301,2104057",287,574,2
2013,6,"86815eb97ffffff",2,2,"MA/TO","1721208,2109007",285,570,2
2013,6,"868181397ffffff",2,1,"PE","2615003,2616209",32,64,2
2013,6,"868181687ffffff",2,2,"PB/PE","2517001,2609709",6,12,2
2013,6,"8681816a7ffffff",2,2,"PB/PE","2517001,2609709",33,66,2
2013,6,"868183017ffffff",2,2,"PB/PE","2511905,2606200",16,32,2
2013,6,"86818304fffffff",2,2,"PB/PE","2511202,2607653",110,220,2
2013,6,"86818330fffffff",2,2,"PB/PE","2507903,2607653",41,82,2
2013,6,"868183317ffffff",2,2,"PB/PE","2511202,2607653",175,350,2
2013,6,"86818332fffffff",2,2,"PB/PE","2507903,2607653",66,132,2
2013,6,"86818b5a7ffffff",2,1,"RN","2404507,2409704",20,40,2
2013,6,"86818e2c7ffffff",2,2,"PB/RN","2405009,2510105",64,128,2
2013,6,"86818e557ffffff",2,1,"PB","2500304,2500502",46,92,2
2013,6,"8681a3aefffffff",2,2,"AL/SE","2706802,2800704",38,76,2
2013,6,"8681a816fffffff",2,2,"AL/BA","2702405,2924009",886,1772,2
2013,6,"8681ae137ffffff",2,2,"AL/SE","2708204,2800100",13,26,2
2013,6,"8681aec67ffffff",2,2,"AL/SE","2707503,2805703",286,572,2
2013,6,"8681aedafffffff",2,2,"AL/SE","2706703,2804409",164,328,2
2013,6,"86a803067ffffff",2,2,"PR/SP","3534708,4111803",249,498,2
2013,6,"86a803157ffffff",2,2,"PR/SP","3510153,4111803",7,14,2
2013,6,"86a803467ffffff",2,1,"SP","3533809,3546405",11,22,2
2013,6,"86a803a97ffffff",2,2,"PR/SP","3534708,4103602",11,22,2
2013,6,"86a803d1fffffff",2,1,"SP","3515400,3553005",10,20,2
2013,6,"86a803d87ffffff",2,1,"SP","3553807,3554201",7,14,2
2013,6,"86a803d97ffffff",2,1,"SP","3553807,3554201",9,18,2
2013,6,"86a806ab7ffffff",2,2,"PR/SP","3542800,4100202",56,112,2
2013,6,"86a81035fffffff",2,1,"SP","3502754,3539103",74,148,2
2013,6,"86a810657ffffff",2,1,"SP","3504107,3528502",104,208,2
2013,6,"86a810a17ffffff",2,1,"SP","3513009,3519709",20,40,2
2013,6,"86a810a1fffffff",2,1,"SP","3513009,3519709",28,56,2
2013,6,"86a810ac7ffffff",2,1,"SP","3550605,3556453",31,62,2
2013,6,"86a810ae7ffffff",2,1,"SP","3513009,3519709",58,116,2
2013,6,"86a811047ffffff",2,1,"SP","3525854,3526407",472,944,2
2013,6,"86a81150fffffff",2,1,"SP","3520509,3545209",558,1116,2
2013,6,"86a812b1fffffff",2,1,"SP","3518305,3524402",28,56,2
2013,6,"86a8130dfffffff",2,2,"MG/SP","3143401,3500501",969,1938,2
2013,6,"86a8132b7ffffff",2,2,"MG/SP","3134905,3522604",21,42,2
2013,6,"86a813c57ffffff",2,2,"MG/SP","3125101,3556354",63,126,2
2013,6,"86a81548fffffff",2,1,"SP","3526209,3529906",6,12,2
2013,6,"86a81a51fffffff",2,2,"MG/SP","3132909,3547908",8,16,2
2013,6,"86a81b397ffffff",2,2,"MG/SP","3151602,3512100",182,364,2
2013,6,"86a81ba5fffffff",2,2,"MG/SP","3127008,3519808",60,120,2
2013,6,"86a82038fffffff",2,2,"PR/SC","4128203,4213609",1330,2660,2
2013,6,"86a82039fffffff",2,2,"PR/SC","4128203,4213609",60,120,2
2013,6,"86a822017ffffff",2,2,"PR/SC","4122305,4210100",820,1640,2
2013,6,"86a8350afffffff",2,1,"SC","4202107,4216354",43,86,2
2013,6,"86a880517ffffff",2,2,"ES/MG","3110103,3202009",68,136,2
2013,6,"86a88401fffffff",2,2,"MG/RJ","3151107,3304706",189,378,2
2013,6,"86a884b87ffffff",2,2,"MG/RJ","3101508,3301207",642,1284,2
2013,6,"86a884ba7ffffff",2,2,"MG/RJ","3101508,3305406",79,158,2
2013,6,"86a884bafffffff",2,2,"MG/RJ","3101508,3305406",15,30,2
2013,6,"86a884d9fffffff",2,1,"RJ","3301405,3304607",10,20,2
2013,6,"86a886a8fffffff",2,2,"ES/RJ","3201100,3300605",702,1404,2
2013,6,"86a889d57ffffff",2,1,"MG","3161700,3169356",436,872,2
2013,6,"86a88c817ffffff",2,1,"MG","3126000,3147105",13,26,2
2013,6,"86a89cd2fffffff",2,2,"ES/MG","3101102,3200805",262,524,2
2013,6,"86a89e147ffffff",2,1,"ES","3201001,3203908",13,26,2
2013,6,"86a8a1647ffffff",2,2,"MG/RJ","3107208,3304201",10,20,2
2013,6,"86a8a211fffffff",2,1,"RJ","3300209,3305505",115,230,2
2013,6,"86a8a332fffffff",2,2,"MG/RJ","3155900,3306107",83,166,2
2013,6,"86a8a344fffffff",2,2,"MG/RJ","3158607,3300951",76,152,2
2013,6,"86a8a3877ffffff",2,1,"RJ","3301801,3303609",68,136,2
2013,6,"86a8a3c87ffffff",2,1,"RJ","3301850,3305802",59,118,2
2013,6,"86a8a9a67ffffff",2,2,"MG/SP","3129707,3516200",9,18,2
2013,6,"86a8a9b5fffffff",2,2,"MG/SP","3112406,3536307",11,22,2
2013,6,"86a8ad347ffffff",2,2,"MG/SP","3143203,3530508",16,32,2
2013,6,"86a8ad8f7ffffff",2,2,"MG/SP","3151800,3500402",9,18,2
2013,6,"86a8ad917ffffff",2,2,"MG/SP","3102605,3548104",95,190,2
2013,6,"86a8c2507ffffff",2,2,"DF/GO","5215231,5300108",411,822,2
2013,6,"86a8c2517ffffff",2,2,"DF/GO","5221858,5300108",1265,2530,2
2013,6,"86a8c251fffffff",2,2,"DF/GO","5215231,5300108",1020,2040,2
2013,6,"86a8c254fffffff",2,2,"DF/GO","5219753,5300108",163,326,2
2013,6,"86a8c25a7ffffff",2,2,"DF/GO","5205497,5300108",13,26,2
2013,6,"86a8d11afffffff",2,2,"DF/GO","5208004,5300108",1339,2678,2
2013,6,"86a8e24cfffffff",2,2,"GO/MG","3103751,5211503",490,980,2
2013,6,"86a8e2727ffffff",2,2,"GO/MG","3109808,5204250",15,30,2
2013,6,"86a8e272fffffff",2,2,"GO/MG","3109808,5204250",22,44,2
2013,6,"86a8e349fffffff",2,1,"GO","5209101,5218052",14,28,2
2013,6,"86a8ebcc7ffffff",2,2,"GO/MT","5101803,5201702",258,516,2
2013,6,"86a8ebcd7ffffff",2,2,"GO/MT","5101803,5201702",141,282,2
2013,6,"86a8ed427ffffff",2,2,"GO/MT","5100300,5219407",301,602,2
2013,6,"86a908617ffffff",2,1,"RS","4314001,4318051",49,98,2
2013,6,"86a90b6efffffff",2,2,"RS/SC","4200754,4311908",70,140,2
2013,6,"86a90e15fffffff",2,1,"RS","4311643,4314423",19,38,2
2013,6,"86a90ea87ffffff",2,1,"RS","4302352,4308102",356,712,2
2013,6,"86a90eaa7ffffff",2,1,"RS","4302352,4308102",165,330,2
2013,6,"86a90eae7ffffff",2,1,"RS","4301651,4319356",73,146,2
2013,6,"86a91dc0fffffff",2,2,"RS/SC","4212254,4321501",1120,2240,2
2013,6,"86a950d07ffffff",2,2,"RS/SC","4208401,4301859",38,76,2
2013,6,"86a9520a7ffffff",2,2,"PR/SC","4128708,4216909",633,1266,2
2013,6,"86a952157ffffff",2,2,"PR/SC","4115408,4203501",199,398,2
2013,6,"86a952a4fffffff",2,2,"PR/SC","4102604,4205001",24,48,2
2013,6,"86a953d37ffffff",2,2,"PR/SC","4102604,4205001",530,1060,2
2023,6,"8680050b7ffffff",2,2,"MA/PI","2112209,2211001",51,102,2
2023,6,"86800556fffffff",2,2,"MA/PI","2112209,2211001",3169,6338,2
2023,6,"8680160d7ffffff",2,1,"CE","2302206,2304459",21,42,2
2023,6,"86802354fffffff",2,2,"MA/PI","2110906,2200509",109,218,2
2023,6,"868023997ffffff",2,2,"MA/PI","2101509,2203909",1242,2484,2
2023,6,"86802a877ffffff",2,1,"MA","2103307,2110302",37,74,2
2023,6,"86803542fffffff",2,2,"PE/PI","2205953,2601102",49,98,2
2023,6,"868068a2fffffff",2,2,"AP/PA","1500503,1600279",103,206,2
2023,6,"86811042fffffff",2,1,"BA","2914505,2924108",13,26,2
2023,6,"868112667ffffff",2,2,"BA/SE","2807402,2916500",68,136,2
2023,6,"868112677ffffff",2,2,"BA/SE","2807402,2916500",442,884,2
2023,6,"868114bafffffff",2,1,"BA","2925758,2931608",8,16,2
2023,6,"86811aa27ffffff",2,2,"BA/PE","2611101,2918407",5162,10324,2
2023,6,"86811aa37ffffff",2,2,"BA/PE","2611101,2918407",319,638,2
2023,6,"86811aaa7ffffff",2,2,"BA/PE","2611101,2918407",32,64,2
2023,6,"868130097ffffff",2,1,"BA","2910909,2917102",20,40,2
2023,6,"868132217ffffff",2,1,"BA","2905800,2920700",23,46,2
2023,6,"86813235fffffff",2,1,"BA","2912707,2932309",131,262,2
2023,6,"8681326efffffff",2,1,"BA","2905800,2920700",8,16,2
2023,6,"86813551fffffff",2,2,"BA/MG","2910404,3140555",39,78,2
2023,6,"86815249fffffff",2,2,"MA/PI","2101806,2211209",106,212,2
2023,6,"86815455fffffff",2,2,"MA/PI","2100501,2209203",93,186,2
2023,6,"86815b5b7ffffff",2,2,"MA/PA","1502939,2105427",140,280,2
2023,6,"86815c22fffffff",2,2,"PA/TO","1507458,1722107",194,388,2
2023,6,"86815e877ffffff",2,2,"MA/TO","1700301,2104057",275,550,2
2023,6,"86815eb97ffffff",2,2,"MA/TO","1721208,2109007",304,608,2
2023,6,"8681816a7ffffff",2,2,"PB/PE","2517001,2609709",29,58,2
2023,6,"86818304fffffff",2,2,"PB/PE","2511202,2607653",97,194,2
2023,6,"86818330fffffff",2,2,"PB/PE","2507903,2607653",49,98,2
2023,6,"868183317ffffff",2,2,"PB/PE","2511202,2607653",217,434,2
2023,6,"86818332fffffff",2,2,"PB/PE","2507903,2603603",72,144,2
2023,6,"8681856b7ffffff",2,2,"AL/PE","2616506,2701357",17,34,2
2023,6,"86818b5a7ffffff",2,1,"RN","2404507,2409704",18,36,2
2023,6,"86818e2c7ffffff",2,2,"PB/RN","2405009,2510105",56,112,2
2023,6,"8681a3aefffffff",2,2,"AL/SE","2706802,2800704",41,82,2
2023,6,"8681a816fffffff",2,2,"AL/BA","2702405,2924009",1022,2044,2
2023,6,"8681a8327ffffff",2,2,"BA/PE","2608057,2911402",9,18,2
2023,6,"8681a8c2fffffff",2,2,"AL/SE","2707107,2801207",137,274,2
2023,6,"8681ae137ffffff",2,2,"AL/SE","2708204,2800100",16,32,2
2023,6,"8681aec67ffffff",2,2,"AL/SE","2707503,2805703",306,612,2
2023,6,"8681aedafffffff",2,2,"AL/SE","2706703,2804409",122,244,2
2023,6,"86a803067ffffff",2,2,"PR/SP","3534708,4111803",327,654,2
2023,6,"86a803157ffffff",2,2,"PR/SP","3510153,4111803",7,14,2
2023,6,"86a803337ffffff",2,2,"PR/SP","3545407,4103602",100,200,2
2023,6,"86a803a97ffffff",2,2,"PR/SP","3534708,4111803",8,16,2
2023,6,"86a803c4fffffff",2,2,"PR/SP","3554607,4121802",7,14,2
2023,6,"86a803d87ffffff",2,1,"SP","3553807,3554201",7,14,2
2023,6,"86a803d97ffffff",2,1,"SP","3553807,3554201",17,34,2
2023,6,"86a803dafffffff",2,1,"SP","3553807,3554201",10,20,2
2023,6,"86a806ab7ffffff",2,2,"PR/SP","3542800,4100202",73,146,2
2023,6,"86a81028fffffff",2,1,"SP","3516408,3525904",14,28,2
2023,6,"86a8102f7ffffff",2,1,"SP","3509205,3525904",14,28,2
2023,6,"86a81032fffffff",2,1,"SP","3522505,3550605",138,276,2
2023,6,"86a810357ffffff",2,1,"SP","3502754,3547304",14,28,2
2023,6,"86a810377ffffff",2,1,"SP","3502754,3547304",58,116,2
2023,6,"86a810657ffffff",2,1,"SP","3504107,3528502",150,300,2
2023,6,"86a81065fffffff",2,1,"SP","3504107,3528502",157,314,2
2023,6,"86a810a17ffffff",2,1,"SP","3513009,3519709",23,46,2
2023,6,"86a810a1fffffff",2,1,"SP","3513009,3519709",27,54,2
2023,6,"86a810ac7ffffff",2,1,"SP","3550605,3556453",61,122,2
2023,6,"86a810ad7ffffff",2,1,"SP","3550605,3556453",704,1408,2
2023,6,"86a810ae7ffffff",2,1,"SP","3513009,3519709",43,86,2
2023,6,"86a81150fffffff",2,1,"SP","3520509,3545209",744,1488,2
2023,6,"86a811557ffffff",2,1,"SP","3520509,3545209",45,90,2
2023,6,"86a812b1fffffff",2,1,"SP","3518305,3524402",34,68,2
2023,6,"86a8130dfffffff",2,2,"MG/SP","3143401,3500501",952,1904,2
2023,6,"86a813c57ffffff",2,2,"MG/SP","3125101,3556354",90,180,2
2023,6,"86a8162dfffffff",2,1,"SP","3506359,3550704",44,88,2
2023,6,"86a81b397ffffff",2,2,"MG/SP","3151602,3512100",183,366,2
2023,6,"86a81ba5fffffff",2,2,"MG/SP","3127008,3519808",77,154,2
2023,6,"86a82038fffffff",2,2,"PR/SC","4128203,4213609",1308,2616,2
2023,6,"86a82039fffffff",2,2,"PR/SC","4128203,4213609",86,172,2
2023,6,"86a822017ffffff",2,2,"PR/SC","4122305,4210100",852,1704,2
2023,6,"86a8252cfffffff",2,2,"PR/SC","4105706,4200101",14,28,2
2023,6,"86a8350afffffff",2,1,"SC","4202107,4216354",72,144,2
2023,6,"86a83516fffffff",2,1,"SC","4202404,4210605",41,82,2
2023,6,"86a880417ffffff",2,2,"ES/MG","3124203,3202009",27,54,2
2023,6,"86a880517ffffff",2,2,"ES/MG","3110103,3202009",76,152,2
2023,6,"86a88361fffffff",2,1,"MG","3125804,3149952",7,14,2
2023,6,"86a88401fffffff",2,2,"MG/RJ","3151107,3304706",149,298,2
2023,6,"86a884b87ffffff",2,2,"MG/RJ","3101508,3301207",592,1184,2
2023,6,"86a884ba7ffffff",2,2,"MG/RJ","3101508,3305406",83,166,2
2023,6,"86a884bafffffff",2,2,"MG/RJ","3101508,3305406",6,12,2
2023,6,"86a886a8fffffff",2,2,"ES/RJ","3201100,3300605",586,1172,2
2023,6,"86a89a2e7ffffff",2,2,"BA/MG","2916005,3106606",8,16,2
2023,6,"86a89ab87ffffff",2,2,"BA/MG","2921104,3144300",6,12,2
2023,6,"86a89c45fffffff",2,2,"ES/MG","3139607,3200904",8,16,2
2023,6,"86a89cd2fffffff",2,2,"ES/MG","3101102,3200805",290,580,2
2023,6,"86a89e147ffffff",2,1,"ES","3201001,3203908",10,20,2
2023,6,"86a8a1297ffffff",2,2,"MG/RJ","3107208,3302254",25,50,2
2023,6,"86a8a211fffffff",2,1,"RJ","3300209,3305505",205,410,2
2023,6,"86a8a332fffffff",2,2,"MG/RJ","3155900,3306107",65,130,2
2023,6,"86a8a344fffffff",2,2,"MG/RJ","3158607,3300951",75,150,2
2023,6,"86a8a3877ffffff",2,1,"RJ","3301801,3303609",65,130,2
2023,6,"86a8a3c87ffffff",2,1,"RJ","3301850,3305802",71,142,2
2023,6,"86a8a9b77ffffff",2,2,"MG/SP","3112406,3523701",12,24,2
2023,6,"86a8ad347ffffff",2,2,"MG/SP","3143203,3530508",13,26,2
2023,6,"86a8ad427ffffff",2,1,"MG","3111002,3166907",7,14,2
2023,6,"86a8ad8f7ffffff",2,2,"MG/SP","3151800,3500402",14,28,2
2023,6,"86a8ae2d7ffffff",2,1,"MG","3130002,3144508",10,20,2
2023,6,"86a8c2507ffffff",2,2,"DF/GO","5215231,5300108",587,1174,2
2023,6,"86a8c2517ffffff",2,2,"DF/GO","5221858,5300108",1975,3950,2
2023,6,"86a8c251fffffff",2,2,"DF/GO","5215231,5300108",1134,2268,2
2023,6,"86a8c254fffffff",2,2,"DF/GO","5219753,5300108",216,432,2
2023,6,"86a8c25a7ffffff",2,2,"DF/GO","5205497,5300108",47,94,2
2023,6,"86a8d11afffffff",2,2,"DF/GO","5208004,5300108",1685,3370,2
2023,6,"86a8e24cfffffff",2,2,"GO/MG","3103751,5211503",765,1530,2
2023,6,"86a8e2727ffffff",2,2,"GO/MG","3109808,5204250",23,46,2
2023,6,"86a8e272fffffff",2,2,"GO/MG","3109808,5204250",17,34,2
2023,6,"86a8ebcc7ffffff",2,2,"GO/MT","5101803,5201702",460,920,2
2023,6,"86a8ebcd7ffffff",2,2,"GO/MT","5101803,5201702",186,372,2
2023,6,"86a8ed427ffffff",2,2,"GO/MT","5100300,5219407",293,586,2
2023,6,"86a908617ffffff",2,1,"RS","4314001,4318051",42,84,2
2023,6,"86a90b6efffffff",2,2,"RS/SC","4200754,4311908",91,182,2
2023,6,"86a90c4efffffff",2,1,"RS","4320859,4322004",20,40,2
2023,6,"86a90e0a7ffffff",2,1,"RS","4309100,4316956",49,98,2
2023,6,"86a90ea87ffffff",2,1,"RS","4302352,4308102",310,620,2
2023,6,"86a90eaa7ffffff",2,1,"RS","4302352,4308102",226,452,2
2023,6,"86a90eae7ffffff",2,1,"RS","4301651,4319356",65,130,2
2023,6,"86a91dc0fffffff",2,2,"RS/SC","4212254,4321501",1190,2380,2
2023,6,"86a950d07ffffff",2,2,"RS/SC","4208401,4301859",50,100,2
2023,6,"86a952017ffffff",2,2,"PR/SC","4128708,4216909",6,12,2
2023,6,"86a9520a7ffffff",2,2,"PR/SC","4128708,4216909",594,1188,2
2023,6,"86a952a4fffffff",2,2,"PR/SC","4102604,4205001",39,78,2
2023,6,"86a953d37ffffff",2,2,"PR/SC","4102604,4205001",501,1002,2
2023,6,"86a956377ffffff",2,2,"RS/SC","4211009,4323101",38,76,2
2013,7,"87800556affffff",2,2,"MA/PI","2112209,2211001",1429,2858,2
2013,7,"87800556bffffff",2,2,"MA/PI","2112209,2211001",647,1294,2
2013,7,"87800556effffff",2,2,"MA/PI","2112209,2211001",215,430,2
2013,7,"87802354dffffff",2,2,"MA/PI","2110906,2200509",91,182,2
2013,7,"878068a36ffffff",2,2,"AP/PA","1500503,1600808",13,26,2
2013,7,"878112675ffffff",2,2,"BA/SE","2807402,2916500",433,866,2
2013,7,"87811aa22ffffff",2,2,"BA/PE","2611101,2918407",1570,3140,2
2013,7,"87811aa35ffffff",2,2,"BA/PE","2611101,2918407",12,24,2
2013,7,"87811aaa5ffffff",2,2,"BA/PE","2611101,2918407",16,32,2
2013,7,"87813235cffffff",2,1,"BA","2912707,2932309",76,152,2
2013,7,"87815249cffffff",2,2,"MA/PI","2101806,2211209",124,248,2
2013,7,"87815455cffffff",2,2,"MA/PI","2100501,2209203",20,40,2
2013,7,"878181684ffffff",2,2,"PB/PE","2517001,2609709",6,12,2
2013,7,"8781816a1ffffff",2,2,"PB/PE","2517001,2609709",30,60,2
2013,7,"87818330cffffff",2,2,"PB/PE","2507903,2607653",53,106,2
2013,7,"878183314ffffff",2,2,"PB/PE","2511202,2607653",123,246,2
2013,7,"878183316ffffff",2,2,"PB/PE","2511202,2607653",55,110,2
2013,7,"87818332bffffff",2,2,"PB/PE","2507903,2607653",11,22,2
2013,7,"87818b5a0ffffff",2,1,"RN","2404507,2409704",19,38,2
2013,7,"8781aedaaffffff",2,2,"AL/SE","2706703,2804409",48,96,2
2013,7,"8781aedabffffff",2,2,"AL/SE","2706703,2806404",26,52,2
2013,7,"87a810a11ffffff",2,1,"SP","3513009,3519709",16,32,2
2013,7,"87a810ae2ffffff",2,1,"SP","3513009,3550605",17,34,2
2013,7,"87a810ae6ffffff",2,1,"SP","3513009,3519709",10,20,2
2013,7,"87a8130d8ffffff",2,2,"MG/SP","3143401,3500501",165,330,2
2013,7,"87a820388ffffff",2,2,"PR/SC","4128203,4213609",162,324,2
2013,7,"87a82038bffffff",2,2,"PR/SC","4128203,4213609",1101,2202,2
2013,7,"87a822014ffffff",2,2,"PR/SC","4122305,4210100",143,286,2
2013,7,"87a822015ffffff",2,2,"PR/SC","4122305,4210100",289,578,2
2013,7,"87a880511ffffff",2,2,"ES/MG","3110103,3202009",52,104,2
2013,7,"87a884018ffffff",2,2,"MG/RJ","3151107,3304706",169,338,2
2013,7,"87a884b84ffffff",2,2,"MG/RJ","3101508,3305406",28,56,2
2013,7,"87a884b86ffffff",2,2,"MG/RJ","3101508,3301207",24,48,2
2013,7,"87a884ba3ffffff",2,2,"MG/RJ","3101508,3305406",94,188,2
2013,7,"87a886a89ffffff",2,2,"ES/RJ","3201100,3300605",664,1328,2
2013,7,"87a889d55ffffff",2,1,"MG","3161700,3169356",32,64,2
2013,7,"87a89cd2effffff",2,2,"ES/MG","3101102,3200805",44,88,2
2013,7,"87a8a2118ffffff",2,1,"RJ","3300209,3305505",15,30,2
2013,7,"87a8a332dffffff",2,2,"MG/RJ","3155900,3306107",83,166,2
2013,7,"87a8a3449ffffff",2,2,"MG/RJ","3158607,3300951",67,134,2
2013,7,"87a8a3c80ffffff",2,1,"RJ","3301850,3305802",21,42,2
2013,7,"87a8a9b59ffffff",2,2,"MG/SP","3129707,3536307",6,12,2
2013,7,"87a8ad8f0ffffff",2,2,"MG/SP","3151800,3500402",7,14,2
2013,7,"87a8c2503ffffff",2,2,"DF/GO","5215231,5300108",53,106,2
2013,7,"87a8c2511ffffff",2,2,"DF/GO","5221858,5300108",143,286,2
2013,7,"87a8c2512ffffff",2,2,"DF/GO","5221858,5300108",47,94,2
2013,7,"87a8c2513ffffff",2,2,"DF/GO","5221858,5300108",87,174,2
2013,7,"87a8e24cbffffff",2,2,"GO/MG","3103751,5211503",58,116,2
2013,7,"87a8ebcc2ffffff",2,2,"GO/MT","5106653,5201702",144,288,2
2013,7,"87a8ebcd1ffffff",2,2,"GO/MT","5101803,5201702",113,226,2
2013,7,"87a8ed423ffffff",2,2,"GO/MT","5100300,5219407",224,448,2
2013,7,"87a91dc08ffffff",2,2,"RS/SC","4212254,4321501",107,214,2
2013,7,"87a9520a5ffffff",2,2,"PR/SC","4128708,4216909",339,678,2
2013,7,"87a952a4dffffff",2,2,"PR/SC","4102604,4205001",22,44,2
2013,7,"87a953d32ffffff",2,2,"PR/SC","4102604,4205001",356,712,2
2013,7,"87a953d36ffffff",2,2,"PR/SC","4102604,4205001",132,264,2
2023,7,"87800556affffff",2,2,"MA/PI","2112209,2211001",1392,2784,2
2023,7,"87800556bffffff",2,2,"MA/PI","2112209,2211001",767,1534,2
2023,7,"87800556effffff",2,2,"MA/PI","2112209,2211001",371,742,2
2023,7,"87802354dffffff",2,2,"MA/PI","2110906,2200509",107,214,2
2023,7,"878023992ffffff",2,2,"MA/PI","2101509,2203909",736,1472,2
2023,7,"878023993ffffff",2,2,"MA/PI","2101509,2203909",49,98,2
2023,7,"87802a875ffffff",2,1,"MA","2103307,2110302",31,62,2
2023,7,"87803542effffff",2,2,"PE/PI","2205953,2601102",17,34,2
2023,7,"878112675ffffff",2,2,"BA/SE","2807402,2916500",354,708,2
2023,7,"87811aa22ffffff",2,2,"BA/PE","2611101,2918407",2034,4068,2
2023,7,"87813235cffffff",2,1,"BA","2912707,2932309",77,154,2
2023,7,"87815249cffffff",2,2,"MA/PI","2101806,2211209",109,218,2
2023,7,"87815455cffffff",2,2,"MA/PI","2100501,2209203",42,84,2
2023,7,"8781816a1ffffff",2,2,"PB/PE","2517001,2609709",25,50,2
2023,7,"878183049ffffff",2,2,"PB/PE","2511202,2607653",83,166,2
2023,7,"87818330cffffff",2,2,"PB/PE","2507903,2607653",63,126,2
2023,7,"878183314ffffff",2,2,"PB/PE","2511202,2607653",140,280,2
2023,7,"878183316ffffff",2,2,"PB/PE","2511202,2607653",82,164,2
2023,7,"87818332bffffff",2,2,"PB/PE","2507903,2607653",14,28,2
2023,7,"87818b5a0ffffff",2,1,"RN","2404507,2409704",16,32,2
2023,7,"8781aedabffffff",2,2,"AL/SE","2706703,2806404",15,30,2
2023,7,"87a810329ffffff",2,1,"SP","3522505,3550605",8,16,2
2023,7,"87a810372ffffff",2,1,"SP","3502754,3547304",16,32,2
2023,7,"87a81065cffffff",2,1,"SP","3504107,3528502",76,152,2
2023,7,"87a810ad1ffffff",2,1,"SP","3550605,3556453",106,212,2
2023,7,"87a8130d8ffffff",2,2,"MG/SP","3143401,3500501",171,342,2
2023,7,"87a813c56ffffff",2,2,"MG/SP","3125101,3556354",17,34,2
2023,7,"87a8162daffffff",2,1,"SP","3506359,3550704",10,20,2
2023,7,"87a820388ffffff",2,2,"PR/SC","4128203,4213609",137,274,2
2023,7,"87a82038bffffff",2,2,"PR/SC","4128203,4213609",1052,2104,2
2023,7,"87a822014ffffff",2,2,"PR/SC","4122305,4210100",162,324,2
2023,7,"87a822015ffffff",2,2,"PR/SC","4122305,4210100",347,694,2
2023,7,"87a8252ceffffff",2,2,"PR/SC","4105706,4200101",14,28,2
2023,7,"87a880511ffffff",2,2,"ES/MG","3110103,3202009",55,110,2
2023,7,"87a884018ffffff",2,2,"MG/RJ","3151107,3304706",139,278,2
2023,7,"87a884b84ffffff",2,2,"MG/RJ","3101508,3305406",39,78,2
2023,7,"87a884b86ffffff",2,2,"MG/RJ","3101508,3301207",23,46,2
2023,7,"87a884ba3ffffff",2,2,"MG/RJ","3101508,3305406",99,198,2
2023,7,"87a886a89ffffff",2,2,"ES/RJ","3201100,3300605",600,1200,2
2023,7,"87a889d55ffffff",2,1,"MG","3161700,3169356",22,44,2
2023,7,"87a89cd2effffff",2,2,"ES/MG","3101102,3200805",56,112,2
2023,7,"87a8a2118ffffff",2,1,"RJ","3300209,3305505",20,40,2
2023,7,"87a8a332dffffff",2,2,"MG/RJ","3155900,3306107",64,128,2
2023,7,"87a8a3c80ffffff",2,1,"RJ","3301850,3305802",19,38,2
2023,7,"87a8ad8f0ffffff",2,2,"MG/SP","3151800,3500402",14,28,2
2023,7,"87a8c2503ffffff",2,2,"DF/GO","5215231,5300108",72,144,2
2023,7,"87a8c2511ffffff",2,2,"DF/GO","5221858,5300108",235,470,2
2023,7,"87a8c2512ffffff",2,2,"DF/GO","5221858,5300108",122,244,2
2023,7,"87a8c2513ffffff",2,2,"DF/GO","5221858,5300108",131,262,2
2023,7,"87a8e24c8ffffff",2,2,"GO/MG","3103751,5211503",44,88,2
2023,7,"87a8e24cbffffff",2,2,"GO/MG","3103751,5211503",58,116,2
2023,7,"87a8ebcc2ffffff",2,2,"GO/MT","5101803,5201702",253,506,2
2023,7,"87a8ebcd1ffffff",2,2,"GO/MT","5101803,5201702",149,298,2
2023,7,"87a8ed423ffffff",2,2,"GO/MT","5100300,5219407",200,400,2
2023,7,"87a91dc08ffffff",2,2,"RS/SC","4212254,4321501",176,352,2
2023,7,"87a91dc0dffffff",2,2,"RS/SC","4212254,4321501",958,1916,2
2023,7,"87a952016ffffff",2,2,"PR/SC","4128708,4216909",6,12,2
2023,7,"87a9520a5ffffff",2,2,"PR/SC","4128708,4216909",328,656,2
2023,7,"87a952a4dffffff",2,2,"PR/SC","4102604,4205001",41,82,2
2023,7,"87a953d32ffffff",2,2,"PR/SC","4102604,4205001",337,674,2
2023,7,"87a953d36ffffff",2,2,"PR/SC","4102604,4205001",117,234,2
2013,8,"88802354d1fffff",2,2,"MA/PI","2110906,2200509",27,54,2
2013,8,"88802354d3fffff",2,2,"MA/PI","2110906,2200509",12,24,2
2013,8,"888112675bfffff",2,2,"BA/SE","2807402,2916500",10,20,2
2013,8,"88811aa22bfffff",2,2,"BA/PE","2611101,2918407",45,90,2
2013,8,"88813235c7fffff",2,1,"BA","2912707,2932309",37,74,2
2013,8,"888181684dfffff",2,2,"PB/PE","2517001,2609709",6,12,2
2013,8,"8881816a1dfffff",2,2,"PB/PE","2517001,2609709",31,62,2
2013,8,"88818330c9fffff",2,2,"PB/PE","2507903,2607653",23,46,2
2013,8,"8881833145fffff",2,2,"PB/PE","2511202,2607653",112,224,2
2013,8,"8881833169fffff",2,2,"PB/PE","2511202,2607653",44,88,2
2013,8,"88818b5a03fffff",2,1,"RN","2404507,2409704",14,28,2
2013,8,"88a820388bfffff",2,2,"PR/SC","4128203,4213609",10,20,2
2013,8,"88a82038b1fffff",2,2,"PR/SC","4128203,4213609",59,118,2
2013,8,"88a82038b7fffff",2,2,"PR/SC","4128203,4213609",850,1700,2
2013,8,"88a8220143fffff",2,2,"PR/SC","4122305,4210100",35,70,2
2013,8,"88a8840185fffff",2,2,"MG/RJ","3151107,3304706",53,106,2
2013,8,"88a8840187fffff",2,2,"MG/RJ","3151107,3304706",107,214,2
2013,8,"88a884b843fffff",2,2,"MG/RJ","3101508,3305406",31,62,2
2013,8,"88a884b863fffff",2,2,"MG/RJ","3101508,3301207",10,20,2
2013,8,"88a884ba33fffff",2,2,"MG/RJ","3101508,3305406",70,140,2
2013,8,"88a884baedfffff",2,2,"MG/RJ","3101508,3305406",14,28,2
2013,8,"88a886a891fffff",2,2,"ES/RJ","3201100,3300605",156,312,2
2013,8,"88a886a893fffff",2,2,"ES/RJ","3201100,3300605",22,44,2
2013,8,"88a886a89bfffff",2,2,"ES/RJ","3201100,3300605",296,592,2
2013,8,"88a8a332dbfffff",2,2,"MG/RJ","3155900,3306107",67,134,2
2013,8,"88a8c25035fffff",2,2,"DF/GO","5215231,5300108",21,42,2
2013,8,"88a8c25111fffff",2,2,"DF/GO","5221858,5300108",43,86,2
2013,8,"88a8c25115fffff",2,2,"DF/GO","5221858,5300108",17,34,2
2013,8,"88a8c2511bfffff",2,2,"DF/GO","5221858,5300108",63,126,2
2013,8,"88a8c25123fffff",2,2,"DF/GO","5221858,5300108",25,50,2
2013,8,"88a8c251c9fffff",2,2,"DF/GO","5215231,5300108",38,76,2
2013,8,"88a8ebcc25fffff",2,2,"GO/MT","5106653,5201702",12,24,2
2013,8,"88a8ed423dfffff",2,2,"GO/MT","5100300,5219407",21,42,2
2013,8,"88a91dc08bfffff",2,2,"RS/SC","4212254,4321501",89,178,2
2013,8,"88a9520a51fffff",2,2,"PR/SC","4128708,4216909",11,22,2
2013,8,"88a9521513fffff",2,2,"PR/SC","4115408,4203501",7,14,2
2013,8,"88a953d329fffff",2,2,"PR/SC","4102604,4205001",218,436,2
2013,8,"88a953d32bfffff",2,2,"PR/SC","4102604,4205001",74,148,2
2013,8,"88a953d367fffff",2,2,"PR/SC","4102604,4205001",33,66,2
2023,8,"88800556b7fffff",2,2,"MA/PI","2112209,2211001",61,122,2
2023,8,"88802354d1fffff",2,2,"MA/PI","2110906,2200509",31,62,2
2023,8,"88802354d3fffff",2,2,"MA/PI","2110906,2200509",17,34,2
2023,8,"888023993dfffff",2,2,"MA/PI","2101509,2203909",39,78,2
2023,8,"888112675bfffff",2,2,"BA/SE","2807402,2916500",15,30,2
2023,8,"88811aa22bfffff",2,2,"BA/PE","2611101,2918407",77,154,2
2023,8,"88813235c7fffff",2,1,"BA","2912707,2932309",40,80,2
2023,8,"8881816a1dfffff",2,2,"PB/PE","2517001,2609709",23,46,2
2023,8,"8881830497fffff",2,2,"PB/PE","2511202,2607653",24,48,2
2023,8,"88818330c9fffff",2,2,"PB/PE","2507903,2607653",23,46,2
2023,8,"8881833145fffff",2,2,"PB/PE","2511202,2607653",138,276,2
2023,8,"8881833169fffff",2,2,"PB/PE","2511202,2607653",58,116,2
2023,8,"88818b5a03fffff",2,1,"RN","2404507,2409704",16,32,2
2023,8,"88a8130d81fffff",2,2,"MG/SP","3143401,3500501",13,26,2
2023,8,"88a8203883fffff",2,2,"PR/SC","4128203,4213609",60,120,2
2023,8,"88a820388bfffff",2,2,"PR/SC","4128203,4213609",18,36,2
2023,8,"88a82038b1fffff",2,2,"PR/SC","4128203,4213609",112,224,2
2023,8,"88a82038b7fffff",2,2,"PR/SC","4128203,4213609",543,1086,2
2023,8,"88a8220143fffff",2,2,"PR/SC","4122305,4210100",51,102,2
2023,8,"88a8220157fffff",2,2,"PR/SC","4122305,4210100",7,14,2
2023,8,"88a8805115fffff",2,2,"ES/MG","3110103,3202009",39,78,2
2023,8,"88a884b843fffff",2,2,"MG/RJ","3101508,3305406",20,40,2
2023,8,"88a884b863fffff",2,2,"MG/RJ","3101508,3301207",7,14,2
2023,8,"88a884ba33fffff",2,2,"MG/RJ","3101508,3305406",75,150,2
2023,8,"88a886a891fffff",2,2,"ES/RJ","3201100,3300605",169,338,2
2023,8,"88a886a893fffff",2,2,"ES/RJ","3201100,3300605",25,50,2
2023,8,"88a886a897fffff",2,2,"ES/RJ","3201100,3300605",52,104,2
2023,8,"88a886a89bfffff",2,2,"ES/RJ","3201100,3300605",161,322,2
2023,8,"88a89cd2edfffff",2,2,"ES/MG","3101102,3200805",13,26,2
2023,8,"88a8a332dbfffff",2,2,"MG/RJ","3155900,3306107",44,88,2
2023,8,"88a8ad8f07fffff",2,2,"MG/SP","3151800,3500402",10,20,2
2023,8,"88a8c25035fffff",2,2,"DF/GO","5215231,5300108",35,70,2
2023,8,"88a8c25111fffff",2,2,"DF/GO","5221858,5300108",63,126,2
2023,8,"88a8c25115fffff",2,2,"DF/GO","5221858,5300108",21,42,2
2023,8,"88a8c2511bfffff",2,2,"DF/GO","5221858,5300108",88,176,2
2023,8,"88a8c25123fffff",2,2,"DF/GO","5221858,5300108",42,84,2
2023,8,"88a8c2513dfffff",2,2,"DF/GO","5221858,5300108",30,60,2
2023,8,"88a8c251c9fffff",2,2,"DF/GO","5215231,5300108",47,94,2
2023,8,"88a8ebcc25fffff",2,2,"GO/MT","5106653,5201702",19,38,2
2023,8,"88a8ed423dfffff",2,2,"GO/MT","5100300,5219407",60,120,2
2023,8,"88a91dc08bfffff",2,2,"RS/SC","4212254,4321501",89,178,2
2023,8,"88a91dc0d7fffff",2,2,"RS/SC","4212254,4321501",18,36,2
2023,8,"88a9520165fffff",2,2,"PR/SC","4128708,4216909",7,14,2
2023,8,"88a9520a51fffff",2,2,"PR/SC","4128708,4216909",25,50,2
2023,8,"88a953d329fffff",2,2,"PR/SC","4102604,4205001",184,368,2
2023,8,"88a953d32bfffff",2,2,"PR/SC","4102604,4205001",78,156,2
2023,8,"88a953d367fffff",2,2,"PR/SC","4102604,4205001",64,128,2
2013,9,"89818331443ffff",2,2,"PB/PE","2511202,2607653",28,56,2
2013,9,"89818331697ffff",2,2,"PB/PE","2511202,2607653",20,40,2
2013,9,"89a82038b63ffff",2,2,"PR/SC","4128203,4213609",35,70,2
2013,9,"89a82038b6bffff",2,2,"PR/SC","4128203,4213609",11,22,2
2013,9,"89a82038b73ffff",2,2,"PR/SC","4128203,4213609",60,120,2
2013,9,"89a886a8917ffff",2,2,"ES/RJ","3201100,3300605",40,80,2
2013,9,"89a886a89abffff",2,2,"ES/RJ","3201100,3300605",64,128,2
2013,9,"89a91dc08b7ffff",2,2,"RS/SC","4212254,4321501",9,18,2
2013,9,"89a953d3283ffff",2,2,"PR/SC","4102604,4205001",21,42,2
2013,9,"89a953d3287ffff",2,2,"PR/SC","4102604,4205001",81,162,2
2013,9,"89a953d329bffff",2,2,"PR/SC","4102604,4205001",24,48,2
2013,9,"89a953d32b3ffff",2,2,"PR/SC","4102604,4205001",29,58,2
2013,9,"89a953d366fffff",2,2,"PR/SC","4102604,4205001",15,30,2
2023,9,"89818330c87ffff",2,2,"PB/PE","2507903,2607653",17,34,2
2023,9,"89818331443ffff",2,2,"PB/PE","2511202,2607653",35,70,2
2023,9,"89818331693ffff",2,2,"PB/PE","2511202,2607653",7,14,2
2023,9,"89818331697ffff",2,2,"PB/PE","2511202,2607653",20,40,2
2023,9,"89818332b4bffff",2,2,"PB/PE","2507903,2607653",19,38,2
2023,9,"89a82038b63ffff",2,2,"PR/SC","4128203,4213609",59,118,2
2023,9,"89a82038b73ffff",2,2,"PR/SC","4128203,4213609",68,136,2
2023,9,"89a88051147ffff",2,2,"ES/MG","3110103,3202009",7,14,2
2023,9,"89a886a8917ffff",2,2,"ES/RJ","3201100,3300605",35,70,2
2023,9,"89a886a89abffff",2,2,"ES/RJ","3201100,3300605",50,100,2
2023,9,"89a8ad8f07bffff",2,2,"MG/SP","3151800,3500402",8,16,2
2023,9,"89a8c251107ffff",2,2,"DF/GO","5221858,5300108",14,28,2
2023,9,"89a91dc08a3ffff",2,2,"RS/SC","4212254,4321501",13,26,2
2023,9,"89a953d3283ffff",2,2,"PR/SC","4102604,4205001",15,30,2
2023,9,"89a953d3287ffff",2,2,"PR/SC","4102604,4205001",80,160,2
2023,9,"89a953d329bffff",2,2,"PR/SC","4102604,4205001",24,48,2
2023,9,"89a953d32b3ffff",2,2,"PR/SC","4102604,4205001",25,50,2
